genetic difference between all species,Outgroup_{Out},214nK05D14_{A},216oB06D14_{A},217oB04D11_{A},218oB05D13_{A},219oB06D14_{A},220oB02D14_{A},221oB05D15_{A},223cE01J15_{D},224cE30D11_{D},225cE29D13_{D},226cM31D14_{D},227gM01J15_{D},228gM30D11_{D},229gM29D13_{D},230gM31D14_{D},231gM01J15_{D},232gM30D11_{D},234gB31D14_{D},235gB01J15_{D},236gB30D11_{D},237gB29D13_{D},238gB31D14_{D},239tR18D11_{C},240tR19D13_{C},241tR16D14_{C},243tR17D14_{C},324gE30D11_{D},325gE29D13_{D},326gE31D14_{D},327gE01J15_{D},328gE30D11_{D},329gE29D13_{D},330gE31D14_{D},331gE01J15_{D},332gE30D11_{D},333gE29D13_{D},334gE31D14_{D},335gM01J15_{D},336gM30D11_{D},337gR29D13_{D},338gR30D12_{D},339gR01J12_{D},341gR28D11_{D},344gR30D11_{D},345gR29D13_{D},346gR30D12_{D},347gR01J12_{D},348gR28D11_{D},349gR29D12_{D},350gE01J15_{D},351gE30D11_{D},352gE29D13_{D},353gE30D12_{D},354gE01J12_{D},355gE28D11_{D},359gM29D12_{D},361gM01J15_{D},363gM29D13_{D},364gM30D12_{D},366gM01J12_{D},367gM28D11_{D},368gM29D12_{D},369gM01J15_{D},370gM30D11_{D},371gR29D13_{D},372cR30D12_{D},374gM30D11_{D},376gM29D13_{D},377oL06D14_{A},378oL04D14_{A},379oL05D14_{A},380oL06D11_{A},381oL04D14_{A},383oL05D11_{A},384oL06D13_{A},385oL02D14_{A},386oL05D15_{A},387oL06D14_{A},388oR04D14_{A},389tR17D11_{C},391gM01J12_{D},393gE28D11_{D},397tR18D12_{C},398tR19D15_{C},403sM05D14_{A},404sM06D11_{A},405sM04D14_{A},406sM05D11_{A},407sM06D13_{A},408sM02D14_{A},409cM05D15_{A},410gM31D14_{D},501oL06D14_{A},551tL29D12_{A},552aB18D14_{B},011aB18D11_{B},012aB20D11_{B},013aB18D11_{B},014aB19D13_{B},553aB19D15_{B},554tR16D11_{C},564oR04D14_{A},566oR05D14_{A}
Outgroup_{Out},,,,,,,,,,,,,,,,,,,,,,,,,,,,,,,,,,,,,,,,,,,,,,,,,,,,,,,,,,,,,,,,,,,,,,,,,,,,,,,,,,,,,,,,,,,,,,,,,,,,,,,,
214nK05D14_{A},0.3619644851,,,,,,,,,,,,,,,,,,,,,,,,,,,,,,,,,,,,,,,,,,,,,,,,,,,,,,,,,,,,,,,,,,,,,,,,,,,,,,,,,,,,,,,,,,,,,,,,,,,,,,,
216oB06D14_{A},0.3593119590,0.0032154452,,,,,,,,,,,,,,,,,,,,,,,,,,,,,,,,,,,,,,,,,,,,,,,,,,,,,,,,,,,,,,,,,,,,,,,,,,,,,,,,,,,,,,,,,,,,,,,,,,,,,,
217oB04D11_{A},0.3593119590,0.0032154452,0.0000000000,,,,,,,,,,,,,,,,,,,,,,,,,,,,,,,,,,,,,,,,,,,,,,,,,,,,,,,,,,,,,,,,,,,,,,,,,,,,,,,,,,,,,,,,,,,,,,,,,,,,,
218oB05D13_{A},0.3593119590,0.0032154452,0.0000000000,0.0000000000,,,,,,,,,,,,,,,,,,,,,,,,,,,,,,,,,,,,,,,,,,,,,,,,,,,,,,,,,,,,,,,,,,,,,,,,,,,,,,,,,,,,,,,,,,,,,,,,,,,,
219oB06D14_{A},0.3593119590,0.0032154452,0.0000000000,0.0000000000,0.0000000000,,,,,,,,,,,,,,,,,,,,,,,,,,,,,,,,,,,,,,,,,,,,,,,,,,,,,,,,,,,,,,,,,,,,,,,,,,,,,,,,,,,,,,,,,,,,,,,,,,,
220oB02D14_{A},0.3615449416,0.0032310290,0.0000000000,0.0000000000,0.0000000000,0.0000000000,,,,,,,,,,,,,,,,,,,,,,,,,,,,,,,,,,,,,,,,,,,,,,,,,,,,,,,,,,,,,,,,,,,,,,,,,,,,,,,,,,,,,,,,,,,,,,,,,,
221oB05D15_{A},0.3593119590,0.0032154452,0.0000000000,0.0000000000,0.0000000000,0.0000000000,0.0000000000,,,,,,,,,,,,,,,,,,,,,,,,,,,,,,,,,,,,,,,,,,,,,,,,,,,,,,,,,,,,,,,,,,,,,,,,,,,,,,,,,,,,,,,,,,,,,,,,,
223cE01J15_{D},0.3336306039,0.2981201958,0.2981201958,0.2981201958,0.2981201958,0.2981201958,0.2998992030,0.2981201958,,,,,,,,,,,,,,,,,,,,,,,,,,,,,,,,,,,,,,,,,,,,,,,,,,,,,,,,,,,,,,,,,,,,,,,,,,,,,,,,,,,,,,,,,,,,,,,,
224cE30D11_{D},0.3419169209,0.2936364615,0.2985747732,0.2985747732,0.2985747732,0.2985747732,0.3003590269,0.2985747732,0.0064536368,,,,,,,,,,,,,,,,,,,,,,,,,,,,,,,,,,,,,,,,,,,,,,,,,,,,,,,,,,,,,,,,,,,,,,,,,,,,,,,,,,,,,,,,,,,,,,,
225cE29D13_{D},0.3361686804,0.2907308987,0.2907308987,0.2907308987,0.2907308987,0.2907308987,0.2924548968,0.2907308987,0.0064517024,0.0064536368,,,,,,,,,,,,,,,,,,,,,,,,,,,,,,,,,,,,,,,,,,,,,,,,,,,,,,,,,,,,,,,,,,,,,,,,,,,,,,,,,,,,,,,,,,,,,,
226cM31D14_{D},0.3336306039,0.2981201958,0.2981201958,0.2981201958,0.2981201958,0.2981201958,0.2998992030,0.2981201958,0.0097090429,0.0129896776,0.0129877432,,,,,,,,,,,,,,,,,,,,,,,,,,,,,,,,,,,,,,,,,,,,,,,,,,,,,,,,,,,,,,,,,,,,,,,,,,,,,,,,,,,,,,,,,,,,,
227gM01J15_{D},0.3336306039,0.2981201958,0.2981201958,0.2981201958,0.2981201958,0.2981201958,0.2998992030,0.2981201958,0.0097090429,0.0129896776,0.0129877432,0.0000000000,,,,,,,,,,,,,,,,,,,,,,,,,,,,,,,,,,,,,,,,,,,,,,,,,,,,,,,,,,,,,,,,,,,,,,,,,,,,,,,,,,,,,,,,,,,,
228gM30D11_{D},0.3336306039,0.2981201958,0.2981201958,0.2981201958,0.2981201958,0.2981201958,0.2998992030,0.2981201958,0.0097090429,0.0129896776,0.0129877432,0.0000000000,0.0000000000,,,,,,,,,,,,,,,,,,,,,,,,,,,,,,,,,,,,,,,,,,,,,,,,,,,,,,,,,,,,,,,,,,,,,,,,,,,,,,,,,,,,,,,,,,,
229gM29D13_{D},0.3336306039,0.2981201958,0.2981201958,0.2981201958,0.2981201958,0.2981201958,0.2998992030,0.2981201958,0.0097090429,0.0129896776,0.0129877432,0.0000000000,0.0000000000,0.0000000000,,,,,,,,,,,,,,,,,,,,,,,,,,,,,,,,,,,,,,,,,,,,,,,,,,,,,,,,,,,,,,,,,,,,,,,,,,,,,,,,,,,,,,,,,,
230gM31D14_{D},0.3336306039,0.2981201958,0.2981201958,0.2981201958,0.2981201958,0.2981201958,0.2998992030,0.2981201958,0.0097090429,0.0129896776,0.0129877432,0.0000000000,0.0000000000,0.0000000000,0.0000000000,,,,,,,,,,,,,,,,,,,,,,,,,,,,,,,,,,,,,,,,,,,,,,,,,,,,,,,,,,,,,,,,,,,,,,,,,,,,,,,,,,,,,,,,,
231gM01J15_{D},0.3336306039,0.2981201958,0.2981201958,0.2981201958,0.2981201958,0.2981201958,0.2998992030,0.2981201958,0.0097090429,0.0129896776,0.0129877432,0.0000000000,0.0000000000,0.0000000000,0.0000000000,0.0000000000,,,,,,,,,,,,,,,,,,,,,,,,,,,,,,,,,,,,,,,,,,,,,,,,,,,,,,,,,,,,,,,,,,,,,,,,,,,,,,,,,,,,,,,,
232gM30D11_{D},0.3336306039,0.2981201958,0.2981201958,0.2981201958,0.2981201958,0.2981201958,0.2998992030,0.2981201958,0.0097090429,0.0129896776,0.0129877432,0.0000000000,0.0000000000,0.0000000000,0.0000000000,0.0000000000,0.0000000000,,,,,,,,,,,,,,,,,,,,,,,,,,,,,,,,,,,,,,,,,,,,,,,,,,,,,,,,,,,,,,,,,,,,,,,,,,,,,,,,,,,,,,,
234gB31D14_{D},0.3336306039,0.2981201958,0.2981201958,0.2981201958,0.2981201958,0.2981201958,0.2998992030,0.2981201958,0.0097090429,0.0129896776,0.0129877432,0.0000000000,0.0000000000,0.0000000000,0.0000000000,0.0000000000,0.0000000000,0.0000000000,,,,,,,,,,,,,,,,,,,,,,,,,,,,,,,,,,,,,,,,,,,,,,,,,,,,,,,,,,,,,,,,,,,,,,,,,,,,,,,,,,,,,,
235gB01J15_{D},0.3336306039,0.2981201958,0.2981201958,0.2981201958,0.2981201958,0.2981201958,0.2998992030,0.2981201958,0.0097090429,0.0129896776,0.0129877432,0.0000000000,0.0000000000,0.0000000000,0.0000000000,0.0000000000,0.0000000000,0.0000000000,0.0000000000,,,,,,,,,,,,,,,,,,,,,,,,,,,,,,,,,,,,,,,,,,,,,,,,,,,,,,,,,,,,,,,,,,,,,,,,,,,,,,,,,,,,,
236gB30D11_{D},0.3336306039,0.2981201958,0.2981201958,0.2981201958,0.2981201958,0.2981201958,0.2998992030,0.2981201958,0.0097090429,0.0129896776,0.0129877432,0.0000000000,0.0000000000,0.0000000000,0.0000000000,0.0000000000,0.0000000000,0.0000000000,0.0000000000,0.0000000000,,,,,,,,,,,,,,,,,,,,,,,,,,,,,,,,,,,,,,,,,,,,,,,,,,,,,,,,,,,,,,,,,,,,,,,,,,,,,,,,,,,,
237gB29D13_{D},0.3336306039,0.2981201958,0.2981201958,0.2981201958,0.2981201958,0.2981201958,0.2998992030,0.2981201958,0.0097090429,0.0129896776,0.0129877432,0.0000000000,0.0000000000,0.0000000000,0.0000000000,0.0000000000,0.0000000000,0.0000000000,0.0000000000,0.0000000000,0.0000000000,,,,,,,,,,,,,,,,,,,,,,,,,,,,,,,,,,,,,,,,,,,,,,,,,,,,,,,,,,,,,,,,,,,,,,,,,,,,,,,,,,,
238gB31D14_{D},0.3336306039,0.2981201958,0.2981201958,0.2981201958,0.2981201958,0.2981201958,0.2998992030,0.2981201958,0.0097090429,0.0129896776,0.0129877432,0.0000000000,0.0000000000,0.0000000000,0.0000000000,0.0000000000,0.0000000000,0.0000000000,0.0000000000,0.0000000000,0.0000000000,0.0000000000,,,,,,,,,,,,,,,,,,,,,,,,,,,,,,,,,,,,,,,,,,,,,,,,,,,,,,,,,,,,,,,,,,,,,,,,,,,,,,,,,,
239tR18D11_{C},0.3187027493,0.2978573470,0.3003325996,0.3003325996,0.3003325996,0.3003325996,0.3021263892,0.3003325996,0.1000893887,0.0982836966,0.1038916884,0.0981990273,0.0981990273,0.0981990273,0.0981990273,0.0981990273,0.0981990273,0.0981990273,0.0981990273,0.0981990273,0.0981990273,0.0981990273,0.0981990273,,,,,,,,,,,,,,,,,,,,,,,,,,,,,,,,,,,,,,,,,,,,,,,,,,,,,,,,,,,,,,,,,,,,,,,,,,,,,,,,,
240tR19D13_{C},0.3187027493,0.2978573470,0.3003325996,0.3003325996,0.3003325996,0.3003325996,0.3021263892,0.3003325996,0.1000893887,0.0982836966,0.1038916884,0.0981990273,0.0981990273,0.0981990273,0.0981990273,0.0981990273,0.0981990273,0.0981990273,0.0981990273,0.0981990273,0.0981990273,0.0981990273,0.0981990273,0.0000000000,,,,,,,,,,,,,,,,,,,,,,,,,,,,,,,,,,,,,,,,,,,,,,,,,,,,,,,,,,,,,,,,,,,,,,,,,,,,,,,,
241tR16D14_{C},0.3199809512,0.2990384805,0.3015260478,0.3015260478,0.3015260478,0.3015260478,0.3021263892,0.3015260478,0.1004368513,0.0986245502,0.1042536637,0.0985393158,0.0985393158,0.0985393158,0.0985393158,0.0985393158,0.0985393158,0.0985393158,0.0985393158,0.0985393158,0.0985393158,0.0985393158,0.0985393158,0.0000000000,0.0000000000,,,,,,,,,,,,,,,,,,,,,,,,,,,,,,,,,,,,,,,,,,,,,,,,,,,,,,,,,,,,,,,,,,,,,,,,,,,,,,,
243tR17D14_{C},0.3168967255,0.2960995207,0.2985747732,0.2985747732,0.2985747732,0.2985747732,0.3003590269,0.2985747732,0.0984587854,0.0966489543,0.1022610851,0.0965684240,0.0965684240,0.0965684240,0.0965684240,0.0965684240,0.0965684240,0.0965684240,0.0965684240,0.0965684240,0.0965684240,0.0965684240,0.0965684240,0.0000000000,0.0000000000,0.0000000000,,,,,,,,,,,,,,,,,,,,,,,,,,,,,,,,,,,,,,,,,,,,,,,,,,,,,,,,,,,,,,,,,,,,,,,,,,,,,,
324gE30D11_{D},0.3256530149,0.3091277616,0.3091277616,0.3091277616,0.3091277616,0.3091277616,0.3110431612,0.3091277616,0.0100003334,0.0133584314,0.0133787246,0.0000000000,0.0000000000,0.0000000000,0.0000000000,0.0000000000,0.0000000000,0.0000000000,0.0000000000,0.0000000000,0.0000000000,0.0000000000,0.0000000000,0.0993998373,0.0993998373,0.0997547731,0.0977198849,,,,,,,,,,,,,,,,,,,,,,,,,,,,,,,,,,,,,,,,,,,,,,,,,,,,,,,,,,,,,,,,,,,,,,,,,,,,,
325gE29D13_{D},0.3661128468,0.3272673274,0.3272673274,0.3272673274,0.3272673274,0.3272673274,0.3272673274,0.3272673274,0.0109095237,0.0146020152,0.0145995773,0.0000000000,0.0000000000,0.0000000000,0.0000000000,0.0000000000,0.0000000000,0.0000000000,0.0000000000,0.0000000000,0.0000000000,0.0000000000,0.0000000000,0.1028848698,0.1028848698,0.1028848698,0.1028848698,0.0000000000,,,,,,,,,,,,,,,,,,,,,,,,,,,,,,,,,,,,,,,,,,,,,,,,,,,,,,,,,,,,,,,,,,,,,,,,,,,,
326gE31D14_{D},0.3256530149,0.3091277616,0.3091277616,0.3091277616,0.3091277616,0.3091277616,0.3110431612,0.3091277616,0.0100003334,0.0133584314,0.0133787246,0.0000000000,0.0000000000,0.0000000000,0.0000000000,0.0000000000,0.0000000000,0.0000000000,0.0000000000,0.0000000000,0.0000000000,0.0000000000,0.0000000000,0.0993998373,0.0993998373,0.0997547731,0.0977198849,0.0000000000,0.0000000000,,,,,,,,,,,,,,,,,,,,,,,,,,,,,,,,,,,,,,,,,,,,,,,,,,,,,,,,,,,,,,,,,,,,,,,,,,,
327gE01J15_{D},0.3239569395,0.3072442743,0.3072442743,0.3072442743,0.3072442743,0.3072442743,0.3091611369,0.3072442743,0.0100843754,0.0134709066,0.0134915437,0.0000000000,0.0000000000,0.0000000000,0.0000000000,0.0000000000,0.0000000000,0.0000000000,0.0000000000,0.0000000000,0.0000000000,0.0000000000,0.0000000000,0.1002919662,0.1002919662,0.1006533285,0.0985977707,0.0000000000,0.0000000000,0.0000000000,,,,,,,,,,,,,,,,,,,,,,,,,,,,,,,,,,,,,,,,,,,,,,,,,,,,,,,,,,,,,,,,,,,,,,,,,,
328gE30D11_{D},0.3208218514,0.3066869808,0.3066869808,0.3066869808,0.3066869808,0.3066869808,0.3086097266,0.3066869808,0.0101354822,0.0135393055,0.0135601531,0.0000000000,0.0000000000,0.0000000000,0.0000000000,0.0000000000,0.0000000000,0.0000000000,0.0000000000,0.0000000000,0.0000000000,0.0000000000,0.0000000000,0.1008349902,0.1008349902,0.1012002927,0.0991321321,0.0000000000,0.0000000000,0.0000000000,0.0000000000,,,,,,,,,,,,,,,,,,,,,,,,,,,,,,,,,,,,,,,,,,,,,,,,,,,,,,,,,,,,,,,,,,,,,,,,,
329gE29D13_{D},0.3467432175,0.3065364590,0.3065364590,0.3065364590,0.3065364590,0.3065364590,0.3065364590,0.3065364590,0.0101354822,0.0135622598,0.0135601531,0.0000000000,0.0000000000,0.0000000000,0.0000000000,0.0000000000,0.0000000000,0.0000000000,0.0000000000,0.0000000000,0.0000000000,0.0000000000,0.0000000000,0.0970768792,0.0970768792,0.0970768792,0.0970768792,0.0000000000,0.0000000000,0.0000000000,0.0000000000,0.0000000000,,,,,,,,,,,,,,,,,,,,,,,,,,,,,,,,,,,,,,,,,,,,,,,,,,,,,,,,,,,,,,,,,,,,,,,,
330gE31D14_{D},0.3239569395,0.3072442743,0.3072442743,0.3072442743,0.3072442743,0.3072442743,0.3091611369,0.3072442743,0.0100843754,0.0134709066,0.0134915437,0.0000000000,0.0000000000,0.0000000000,0.0000000000,0.0000000000,0.0000000000,0.0000000000,0.0000000000,0.0000000000,0.0000000000,0.0000000000,0.0000000000,0.1002919662,0.1002919662,0.1006533285,0.0985977707,0.0000000000,0.0000000000,0.0000000000,0.0000000000,0.0000000000,0.0000000000,,,,,,,,,,,,,,,,,,,,,,,,,,,,,,,,,,,,,,,,,,,,,,,,,,,,,,,,,,,,,,,,,,,,,,,
331gE01J15_{D},0.3239569395,0.3072442743,0.3072442743,0.3072442743,0.3072442743,0.3072442743,0.3091611369,0.3072442743,0.0100843754,0.0134709066,0.0134915437,0.0000000000,0.0000000000,0.0000000000,0.0000000000,0.0000000000,0.0000000000,0.0000000000,0.0000000000,0.0000000000,0.0000000000,0.0000000000,0.0000000000,0.1002919662,0.1002919662,0.1006533285,0.0985977707,0.0000000000,0.0000000000,0.0000000000,0.0000000000,0.0000000000,0.0000000000,0.0000000000,,,,,,,,,,,,,,,,,,,,,,,,,,,,,,,,,,,,,,,,,,,,,,,,,,,,,,,,,,,,,,,,,,,,,,
332gE30D11_{D},0.3226129340,0.3059797226,0.3059797226,0.3059797226,0.3059797226,0.3059797226,0.3078805400,0.3059797226,0.0100505897,0.0134256900,0.0134461884,0.0000000000,0.0000000000,0.0000000000,0.0000000000,0.0000000000,0.0000000000,0.0000000000,0.0000000000,0.0000000000,0.0000000000,0.0000000000,0.0000000000,0.0999331954,0.0999331954,0.1002919662,0.0982447260,0.0000000000,0.0000000000,0.0000000000,0.0000000000,0.0000000000,0.0000000000,0.0000000000,0.0000000000,,,,,,,,,,,,,,,,,,,,,,,,,,,,,,,,,,,,,,,,,,,,,,,,,,,,,,,,,,,,,,,,,,,,,
333gE29D13_{D},0.3239569395,0.3072442743,0.3072442743,0.3072442743,0.3072442743,0.3072442743,0.3091611369,0.3072442743,0.0100843754,0.0134709066,0.0134915437,0.0000000000,0.0000000000,0.0000000000,0.0000000000,0.0000000000,0.0000000000,0.0000000000,0.0000000000,0.0000000000,0.0000000000,0.0000000000,0.0000000000,0.1002919662,0.1002919662,0.1006533285,0.0985977707,0.0000000000,0.0000000000,0.0000000000,0.0000000000,0.0000000000,0.0000000000,0.0000000000,0.0000000000,0.0000000000,,,,,,,,,,,,,,,,,,,,,,,,,,,,,,,,,,,,,,,,,,,,,,,,,,,,,,,,,,,,,,,,,,,,
334gE31D14_{D},0.3325713100,0.3124519685,0.3124519685,0.3124519685,0.3124519685,0.3124519685,0.3124519685,0.3124519685,0.0104351614,0.0139404091,0.0139625129,0.0000000000,0.0000000000,0.0000000000,0.0000000000,0.0000000000,0.0000000000,0.0000000000,0.0000000000,0.0000000000,0.0000000000,0.0000000000,0.0000000000,0.0981120320,0.0981120320,0.0981120320,0.0981120320,0.0000000000,0.0000000000,0.0000000000,0.0000000000,0.0000000000,0.0000000000,0.0000000000,0.0000000000,0.0000000000,0.0000000000,,,,,,,,,,,,,,,,,,,,,,,,,,,,,,,,,,,,,,,,,,,,,,,,,,,,,,,,,,,,,,,,,,,
335gM01J15_{D},0.3226129340,0.3059797226,0.3059797226,0.3059797226,0.3059797226,0.3059797226,0.3078805400,0.3059797226,0.0100505897,0.0134256900,0.0134461884,0.0000000000,0.0000000000,0.0000000000,0.0000000000,0.0000000000,0.0000000000,0.0000000000,0.0000000000,0.0000000000,0.0000000000,0.0000000000,0.0000000000,0.0999331954,0.0999331954,0.1002919662,0.0982447260,0.0000000000,0.0000000000,0.0000000000,0.0000000000,0.0000000000,0.0000000000,0.0000000000,0.0000000000,0.0000000000,0.0000000000,0.0000000000,,,,,,,,,,,,,,,,,,,,,,,,,,,,,,,,,,,,,,,,,,,,,,,,,,,,,,,,,,,,,,,,,,
336gM30D11_{D},0.3263279096,0.3073163776,0.3073163776,0.3073163776,0.3073163776,0.3073163776,0.3092216462,0.3073163776,0.0100170295,0.0133807759,0.0134011372,0.0000000000,0.0000000000,0.0000000000,0.0000000000,0.0000000000,0.0000000000,0.0000000000,0.0000000000,0.0000000000,0.0000000000,0.0000000000,0.0000000000,0.0995769882,0.0995769882,0.0999331954,0.0978942063,0.0000000000,0.0000000000,0.0000000000,0.0000000000,0.0000000000,0.0000000000,0.0000000000,0.0000000000,0.0000000000,0.0000000000,0.0000000000,0.0000000000,,,,,,,,,,,,,,,,,,,,,,,,,,,,,,,,,,,,,,,,,,,,,,,,,,,,,,,,,,,,,,,,,
337gR29D13_{D},0.3349997298,0.3124896526,0.3124896526,0.3124896526,0.3124896526,0.3124896526,0.3124896526,0.3124896526,0.0103630653,0.0138439084,0.0138657066,0.0000000000,0.0000000000,0.0000000000,0.0000000000,0.0000000000,0.0000000000,0.0000000000,0.0000000000,0.0000000000,0.0000000000,0.0000000000,0.0000000000,0.0973892620,0.0973892620,0.0973892620,0.0973892620,0.0000000000,0.0000000000,0.0000000000,0.0000000000,0.0000000000,0.0000000000,0.0000000000,0.0000000000,0.0000000000,0.0000000000,0.0000000000,0.0000000000,0.0000000000,,,,,,,,,,,,,,,,,,,,,,,,,,,,,,,,,,,,,,,,,,,,,,,,,,,,,,,,,,,,,,,,
338gR30D12_{D},0.3346529745,0.3011341698,0.3011341698,0.3011341698,0.3011341698,0.3011341698,0.3011341698,0.3011341698,0.0098525355,0.0131823264,0.0131803348,0.0000000000,0.0000000000,0.0000000000,0.0000000000,0.0000000000,0.0000000000,0.0000000000,0.0000000000,0.0000000000,0.0000000000,0.0000000000,0.0000000000,0.0979223403,0.0979223403,0.0979223403,0.0962689350,0.0000000000,0.0000000000,0.0000000000,0.0000000000,0.0000000000,0.0000000000,0.0000000000,0.0000000000,0.0000000000,0.0000000000,0.0000000000,0.0000000000,0.0000000000,0.0000000000,,,,,,,,,,,,,,,,,,,,,,,,,,,,,,,,,,,,,,,,,,,,,,,,,,,,,,,,,,,,,,,
339gR01J12_{D},0.3239569395,0.3072442743,0.3072442743,0.3072442743,0.3072442743,0.3072442743,0.3091611369,0.3072442743,0.0100843754,0.0134709066,0.0134915437,0.0000000000,0.0000000000,0.0000000000,0.0000000000,0.0000000000,0.0000000000,0.0000000000,0.0000000000,0.0000000000,0.0000000000,0.0000000000,0.0000000000,0.1002919662,0.1002919662,0.1006533285,0.0985977707,0.0000000000,0.0000000000,0.0000000000,0.0000000000,0.0000000000,0.0000000000,0.0000000000,0.0000000000,0.0000000000,0.0000000000,0.0000000000,0.0000000000,0.0000000000,0.0000000000,0.0000000000,,,,,,,,,,,,,,,,,,,,,,,,,,,,,,,,,,,,,,,,,,,,,,,,,,,,,,,,,,,,,,
341gR28D11_{D},0.3201531555,0.3060514623,0.3060514623,0.3060514623,0.3060514623,0.3060514623,0.3079660956,0.3060514623,0.0101183891,0.0135164288,0.0135372059,0.0000000000,0.0000000000,0.0000000000,0.0000000000,0.0000000000,0.0000000000,0.0000000000,0.0000000000,0.0000000000,0.0000000000,0.0000000000,0.0000000000,0.1006533285,0.1006533285,0.1010173104,0.0989533677,0.0000000000,0.0000000000,0.0000000000,0.0000000000,0.0000000000,0.0000000000,0.0000000000,0.0000000000,0.0000000000,0.0000000000,0.0000000000,0.0000000000,0.0000000000,0.0000000000,0.0000000000,0.0000000000,,,,,,,,,,,,,,,,,,,,,,,,,,,,,,,,,,,,,,,,,,,,,,,,,,,,,,,,,,,,,
344gR30D11_{D},0.3381330700,0.3130346060,0.3130346060,0.3130346060,0.3130346060,0.3130346060,0.3130346060,0.3130346060,0.0103096436,0.0137724052,0.0137939783,0.0000000000,0.0000000000,0.0000000000,0.0000000000,0.0000000000,0.0000000000,0.0000000000,0.0000000000,0.0000000000,0.0000000000,0.0000000000,0.0000000000,0.0988581608,0.0988581608,0.0988581608,0.0988581608,0.0000000000,0.0000000000,0.0000000000,0.0000000000,0.0000000000,0.0000000000,0.0000000000,0.0000000000,0.0000000000,0.0000000000,0.0000000000,0.0000000000,0.0000000000,0.0000000000,0.0000000000,0.0000000000,0.0000000000,,,,,,,,,,,,,,,,,,,,,,,,,,,,,,,,,,,,,,,,,,,,,,,,,,,,,,,,,,,,
345gR29D13_{D},0.3307256911,0.3091277616,0.3091277616,0.3091277616,0.3091277616,0.3091277616,0.3097635595,0.3091277616,0.0100003334,0.0133584314,0.0133787246,0.0000000000,0.0000000000,0.0000000000,0.0000000000,0.0000000000,0.0000000000,0.0000000000,0.0000000000,0.0000000000,0.0000000000,0.0000000000,0.0000000000,0.1013491575,0.1013491575,0.1013491575,0.0996692051,0.0000000000,0.0000000000,0.0000000000,0.0000000000,0.0000000000,0.0000000000,0.0000000000,0.0000000000,0.0000000000,0.0000000000,0.0000000000,0.0000000000,0.0000000000,0.0000000000,0.0000000000,0.0000000000,0.0000000000,0.0000000000,,,,,,,,,,,,,,,,,,,,,,,,,,,,,,,,,,,,,,,,,,,,,,,,,,,,,,,,,,,
346gR30D12_{D},0.3581282651,0.3371330646,0.3371330646,0.3371330646,0.3371330646,0.3371330646,0.3371330646,0.3371330646,0.0120005760,0.0140038479,0.0140289764,0.0000000000,0.0000000000,0.0000000000,0.0000000000,0.0000000000,0.0000000000,0.0000000000,0.0000000000,0.0000000000,0.0000000000,0.0000000000,0.0000000000,0.0954939934,0.0954939934,0.0954939934,0.0954939934,0.0000000000,0.0000000000,0.0000000000,0.0000000000,0.0000000000,0.0000000000,0.0000000000,0.0000000000,0.0000000000,0.0000000000,0.0000000000,0.0000000000,0.0000000000,0.0000000000,0.0000000000,0.0000000000,0.0000000000,0.0000000000,0.0000000000,,,,,,,,,,,,,,,,,,,,,,,,,,,,,,,,,,,,,,,,,,,,,,,,,,,,,,,,,,
347gR01J12_{D},0.3544362276,0.3235413962,0.3235413962,0.3235413962,0.3235413962,0.3235413962,0.3235413962,0.3235413962,0.0126057097,0.0147379091,0.0168792400,0.0000000000,0.0000000000,0.0000000000,0.0000000000,0.0000000000,0.0000000000,0.0000000000,0.0000000000,0.0000000000,0.0000000000,0.0000000000,0.0000000000,0.1102790638,0.1102790638,0.1102790638,0.1102790638,0.0000000000,0.0000000000,0.0000000000,0.0000000000,0.0000000000,0.0000000000,0.0000000000,0.0000000000,0.0000000000,0.0000000000,0.0000000000,0.0000000000,0.0000000000,0.0000000000,0.0000000000,0.0000000000,0.0000000000,0.0000000000,0.0000000000,0.0000000000,,,,,,,,,,,,,,,,,,,,,,,,,,,,,,,,,,,,,,,,,,,,,,,,,,,,,,,,,
348gR28D11_{D},0.3599753977,0.3403852691,0.3403852691,0.3403852691,0.3403852691,0.3403852691,0.3403852691,0.3403852691,0.0112575112,0.0150413124,0.0150670534,0.0000000000,0.0000000000,0.0000000000,0.0000000000,0.0000000000,0.0000000000,0.0000000000,0.0000000000,0.0000000000,0.0000000000,0.0000000000,0.0000000000,0.1064054659,0.1064054659,0.1064054659,0.1064054659,0.0000000000,0.0000000000,0.0000000000,0.0000000000,0.0000000000,0.0000000000,0.0000000000,0.0000000000,0.0000000000,0.0000000000,0.0000000000,0.0000000000,0.0000000000,0.0000000000,0.0000000000,0.0000000000,0.0000000000,0.0000000000,0.0000000000,0.0000000000,0.0000000000,,,,,,,,,,,,,,,,,,,,,,,,,,,,,,,,,,,,,,,,,,,,,,,,,,,,,,,,
349gR29D12_{D},0.3344762678,0.3010972299,0.3010972299,0.3010972299,0.3010972299,0.3010972299,0.3010972299,0.3010972299,0.0097882408,0.0130960038,0.0130940380,0.0000000000,0.0000000000,0.0000000000,0.0000000000,0.0000000000,0.0000000000,0.0000000000,0.0000000000,0.0000000000,0.0000000000,0.0000000000,0.0000000000,0.0990542038,0.0990542038,0.0990542038,0.0974101859,0.0000000000,0.0000000000,0.0000000000,0.0000000000,0.0000000000,0.0000000000,0.0000000000,0.0000000000,0.0000000000,0.0000000000,0.0000000000,0.0000000000,0.0000000000,0.0000000000,0.0000000000,0.0000000000,0.0000000000,0.0000000000,0.0000000000,0.0000000000,0.0000000000,0.0000000000,,,,,,,,,,,,,,,,,,,,,,,,,,,,,,,,,,,,,,,,,,,,,,,,,,,,,,,
350gE01J15_{D},0.3349834700,0.2993038109,0.2993038109,0.2993038109,0.2993038109,0.2993038109,0.2998992030,0.2993038109,0.0097405678,0.0130320002,0.0130300533,0.0000000000,0.0000000000,0.0000000000,0.0000000000,0.0000000000,0.0000000000,0.0000000000,0.0000000000,0.0000000000,0.0000000000,0.0000000000,0.0000000000,0.0985393158,0.0985393158,0.0985393158,0.0969033730,0.0000000000,0.0000000000,0.0000000000,0.0000000000,0.0000000000,0.0000000000,0.0000000000,0.0000000000,0.0000000000,0.0000000000,0.0000000000,0.0000000000,0.0000000000,0.0000000000,0.0000000000,0.0000000000,0.0000000000,0.0000000000,0.0000000000,0.0000000000,0.0000000000,0.0000000000,0.0000000000,,,,,,,,,,,,,,,,,,,,,,,,,,,,,,,,,,,,,,,,,,,,,,,,,,,,,,
351gE30D11_{D},0.3310122634,0.3047503395,0.3047503395,0.3047503395,0.3047503395,0.3047503395,0.3066108643,0.3047503395,0.0098850007,0.0132040852,0.0132239113,0.0000000000,0.0000000000,0.0000000000,0.0000000000,0.0000000000,0.0000000000,0.0000000000,0.0000000000,0.0000000000,0.0000000000,0.0000000000,0.0000000000,0.1001003312,0.1001003312,0.1004539797,0.0984399212,0.0000000000,0.0000000000,0.0000000000,0.0000000000,0.0000000000,0.0000000000,0.0000000000,0.0000000000,0.0000000000,0.0000000000,0.0000000000,0.0000000000,0.0000000000,0.0000000000,0.0000000000,0.0000000000,0.0000000000,0.0000000000,0.0000000000,0.0000000000,0.0000000000,0.0000000000,0.0000000000,0.0000000000,,,,,,,,,,,,,,,,,,,,,,,,,,,,,,,,,,,,,,,,,,,,,,,,,,,,,
352gE29D13_{D},0.3334224264,0.3182367013,0.3182367013,0.3182367013,0.3182367013,0.3182367013,0.3182367013,0.3182367013,0.0107338648,0.0143402522,0.0143636448,0.0000000000,0.0000000000,0.0000000000,0.0000000000,0.0000000000,0.0000000000,0.0000000000,0.0000000000,0.0000000000,0.0000000000,0.0000000000,0.0000000000,0.1011139450,0.1011139450,0.1011139450,0.1011139450,0.0000000000,0.0000000000,0.0000000000,0.0000000000,0.0000000000,0.0000000000,0.0000000000,0.0000000000,0.0000000000,0.0000000000,0.0000000000,0.0000000000,0.0000000000,0.0000000000,0.0000000000,0.0000000000,0.0000000000,0.0000000000,0.0000000000,0.0000000000,0.0000000000,0.0000000000,0.0000000000,0.0000000000,0.0000000000,,,,,,,,,,,,,,,,,,,,,,,,,,,,,,,,,,,,,,,,,,,,,,,,,,,,
353gE30D12_{D},0.3336306039,0.2981201958,0.2981201958,0.2981201958,0.2981201958,0.2981201958,0.2998992030,0.2981201958,0.0097090429,0.0129896776,0.0129877432,0.0000000000,0.0000000000,0.0000000000,0.0000000000,0.0000000000,0.0000000000,0.0000000000,0.0000000000,0.0000000000,0.0000000000,0.0000000000,0.0000000000,0.0981990273,0.0981990273,0.0985393158,0.0965684240,0.0000000000,0.0000000000,0.0000000000,0.0000000000,0.0000000000,0.0000000000,0.0000000000,0.0000000000,0.0000000000,0.0000000000,0.0000000000,0.0000000000,0.0000000000,0.0000000000,0.0000000000,0.0000000000,0.0000000000,0.0000000000,0.0000000000,0.0000000000,0.0000000000,0.0000000000,0.0000000000,0.0000000000,0.0000000000,0.0000000000,,,,,,,,,,,,,,,,,,,,,,,,,,,,,,,,,,,,,,,,,,,,,,,,,,,
354gE01J12_{D},0.3349834700,0.2993038109,0.2993038109,0.2993038109,0.2993038109,0.2993038109,0.2998992030,0.2993038109,0.0097405678,0.0130320002,0.0130300533,0.0000000000,0.0000000000,0.0000000000,0.0000000000,0.0000000000,0.0000000000,0.0000000000,0.0000000000,0.0000000000,0.0000000000,0.0000000000,0.0000000000,0.0985393158,0.0985393158,0.0985393158,0.0969033730,0.0000000000,0.0000000000,0.0000000000,0.0000000000,0.0000000000,0.0000000000,0.0000000000,0.0000000000,0.0000000000,0.0000000000,0.0000000000,0.0000000000,0.0000000000,0.0000000000,0.0000000000,0.0000000000,0.0000000000,0.0000000000,0.0000000000,0.0000000000,0.0000000000,0.0000000000,0.0000000000,0.0000000000,0.0000000000,0.0000000000,0.0000000000,,,,,,,,,,,,,,,,,,,,,,,,,,,,,,,,,,,,,,,,,,,,,,,,,,
355gE28D11_{D},0.3466207002,0.3085451491,0.3085451491,0.3085451491,0.3085451491,0.3085451491,0.3085451491,0.3085451491,0.0102567699,0.0137251453,0.0137229883,0.0000000000,0.0000000000,0.0000000000,0.0000000000,0.0000000000,0.0000000000,0.0000000000,0.0000000000,0.0000000000,0.0000000000,0.0000000000,0.0000000000,0.0983169341,0.0983169341,0.0983169341,0.0983169341,0.0000000000,0.0000000000,0.0000000000,0.0000000000,0.0000000000,0.0000000000,0.0000000000,0.0000000000,0.0000000000,0.0000000000,0.0000000000,0.0000000000,0.0000000000,0.0000000000,0.0000000000,0.0000000000,0.0000000000,0.0000000000,0.0000000000,0.0000000000,0.0000000000,0.0000000000,0.0000000000,0.0000000000,0.0000000000,0.0000000000,0.0000000000,0.0000000000,,,,,,,,,,,,,,,,,,,,,,,,,,,,,,,,,,,,,,,,,,,,,,,,,
359gM29D12_{D},0.3349834700,0.2993038109,0.2993038109,0.2993038109,0.2993038109,0.2993038109,0.2998992030,0.2993038109,0.0097405678,0.0130320002,0.0130300533,0.0000000000,0.0000000000,0.0000000000,0.0000000000,0.0000000000,0.0000000000,0.0000000000,0.0000000000,0.0000000000,0.0000000000,0.0000000000,0.0000000000,0.0985393158,0.0985393158,0.0985393158,0.0969033730,0.0000000000,0.0000000000,0.0000000000,0.0000000000,0.0000000000,0.0000000000,0.0000000000,0.0000000000,0.0000000000,0.0000000000,0.0000000000,0.0000000000,0.0000000000,0.0000000000,0.0000000000,0.0000000000,0.0000000000,0.0000000000,0.0000000000,0.0000000000,0.0000000000,0.0000000000,0.0000000000,0.0000000000,0.0000000000,0.0000000000,0.0000000000,0.0000000000,0.0000000000,,,,,,,,,,,,,,,,,,,,,,,,,,,,,,,,,,,,,,,,,,,,,,,,
361gM01J15_{D},0.3336306039,0.2981201958,0.2981201958,0.2981201958,0.2981201958,0.2981201958,0.2998992030,0.2981201958,0.0097090429,0.0129896776,0.0129877432,0.0000000000,0.0000000000,0.0000000000,0.0000000000,0.0000000000,0.0000000000,0.0000000000,0.0000000000,0.0000000000,0.0000000000,0.0000000000,0.0000000000,0.0981990273,0.0981990273,0.0985393158,0.0965684240,0.0000000000,0.0000000000,0.0000000000,0.0000000000,0.0000000000,0.0000000000,0.0000000000,0.0000000000,0.0000000000,0.0000000000,0.0000000000,0.0000000000,0.0000000000,0.0000000000,0.0000000000,0.0000000000,0.0000000000,0.0000000000,0.0000000000,0.0000000000,0.0000000000,0.0000000000,0.0000000000,0.0000000000,0.0000000000,0.0000000000,0.0000000000,0.0000000000,0.0000000000,0.0000000000,,,,,,,,,,,,,,,,,,,,,,,,,,,,,,,,,,,,,,,,,,,,,,,
363gM29D13_{D},0.3353403875,0.2992093525,0.2992093525,0.2992093525,0.2992093525,0.2992093525,0.2992093525,0.2992093525,0.0098687414,0.0132040852,0.0132020871,0.0000000000,0.0000000000,0.0000000000,0.0000000000,0.0000000000,0.0000000000,0.0000000000,0.0000000000,0.0000000000,0.0000000000,0.0000000000,0.0000000000,0.0980942601,0.0980942601,0.0980942601,0.0964381144,0.0000000000,0.0000000000,0.0000000000,0.0000000000,0.0000000000,0.0000000000,0.0000000000,0.0000000000,0.0000000000,0.0000000000,0.0000000000,0.0000000000,0.0000000000,0.0000000000,0.0000000000,0.0000000000,0.0000000000,0.0000000000,0.0000000000,0.0000000000,0.0000000000,0.0000000000,0.0000000000,0.0000000000,0.0000000000,0.0000000000,0.0000000000,0.0000000000,0.0000000000,0.0000000000,0.0000000000,,,,,,,,,,,,,,,,,,,,,,,,,,,,,,,,,,,,,,,,,,,,,,
364gM30D12_{D},0.3336306039,0.2981201958,0.2981201958,0.2981201958,0.2981201958,0.2981201958,0.2998992030,0.2981201958,0.0097090429,0.0129896776,0.0129877432,0.0000000000,0.0000000000,0.0000000000,0.0000000000,0.0000000000,0.0000000000,0.0000000000,0.0000000000,0.0000000000,0.0000000000,0.0000000000,0.0000000000,0.0981990273,0.0981990273,0.0985393158,0.0965684240,0.0000000000,0.0000000000,0.0000000000,0.0000000000,0.0000000000,0.0000000000,0.0000000000,0.0000000000,0.0000000000,0.0000000000,0.0000000000,0.0000000000,0.0000000000,0.0000000000,0.0000000000,0.0000000000,0.0000000000,0.0000000000,0.0000000000,0.0000000000,0.0000000000,0.0000000000,0.0000000000,0.0000000000,0.0000000000,0.0000000000,0.0000000000,0.0000000000,0.0000000000,0.0000000000,0.0000000000,0.0000000000,,,,,,,,,,,,,,,,,,,,,,,,,,,,,,,,,,,,,,,,,,,,,
366gM01J12_{D},0.3336306039,0.2981201958,0.2981201958,0.2981201958,0.2981201958,0.2981201958,0.2998992030,0.2981201958,0.0097090429,0.0129896776,0.0129877432,0.0000000000,0.0000000000,0.0000000000,0.0000000000,0.0000000000,0.0000000000,0.0000000000,0.0000000000,0.0000000000,0.0000000000,0.0000000000,0.0000000000,0.0981990273,0.0981990273,0.0985393158,0.0965684240,0.0000000000,0.0000000000,0.0000000000,0.0000000000,0.0000000000,0.0000000000,0.0000000000,0.0000000000,0.0000000000,0.0000000000,0.0000000000,0.0000000000,0.0000000000,0.0000000000,0.0000000000,0.0000000000,0.0000000000,0.0000000000,0.0000000000,0.0000000000,0.0000000000,0.0000000000,0.0000000000,0.0000000000,0.0000000000,0.0000000000,0.0000000000,0.0000000000,0.0000000000,0.0000000000,0.0000000000,0.0000000000,0.0000000000,,,,,,,,,,,,,,,,,,,,,,,,,,,,,,,,,,,,,,,,,,,,
367gM28D11_{D},0.3336306039,0.2981201958,0.2981201958,0.2981201958,0.2981201958,0.2981201958,0.2998992030,0.2981201958,0.0097090429,0.0129896776,0.0129877432,0.0000000000,0.0000000000,0.0000000000,0.0000000000,0.0000000000,0.0000000000,0.0000000000,0.0000000000,0.0000000000,0.0000000000,0.0000000000,0.0000000000,0.0981990273,0.0981990273,0.0985393158,0.0965684240,0.0000000000,0.0000000000,0.0000000000,0.0000000000,0.0000000000,0.0000000000,0.0000000000,0.0000000000,0.0000000000,0.0000000000,0.0000000000,0.0000000000,0.0000000000,0.0000000000,0.0000000000,0.0000000000,0.0000000000,0.0000000000,0.0000000000,0.0000000000,0.0000000000,0.0000000000,0.0000000000,0.0000000000,0.0000000000,0.0000000000,0.0000000000,0.0000000000,0.0000000000,0.0000000000,0.0000000000,0.0000000000,0.0000000000,0.0000000000,,,,,,,,,,,,,,,,,,,,,,,,,,,,,,,,,,,,,,,,,,,
368gM29D12_{D},0.3336306039,0.2981201958,0.2981201958,0.2981201958,0.2981201958,0.2981201958,0.2998992030,0.2981201958,0.0097090429,0.0129896776,0.0129877432,0.0000000000,0.0000000000,0.0000000000,0.0000000000,0.0000000000,0.0000000000,0.0000000000,0.0000000000,0.0000000000,0.0000000000,0.0000000000,0.0000000000,0.0981990273,0.0981990273,0.0985393158,0.0965684240,0.0000000000,0.0000000000,0.0000000000,0.0000000000,0.0000000000,0.0000000000,0.0000000000,0.0000000000,0.0000000000,0.0000000000,0.0000000000,0.0000000000,0.0000000000,0.0000000000,0.0000000000,0.0000000000,0.0000000000,0.0000000000,0.0000000000,0.0000000000,0.0000000000,0.0000000000,0.0000000000,0.0000000000,0.0000000000,0.0000000000,0.0000000000,0.0000000000,0.0000000000,0.0000000000,0.0000000000,0.0000000000,0.0000000000,0.0000000000,0.0000000000,,,,,,,,,,,,,,,,,,,,,,,,,,,,,,,,,,,,,,,,,,
369gM01J15_{D},0.3336306039,0.2981201958,0.2981201958,0.2981201958,0.2981201958,0.2981201958,0.2998992030,0.2981201958,0.0097090429,0.0129896776,0.0129877432,0.0000000000,0.0000000000,0.0000000000,0.0000000000,0.0000000000,0.0000000000,0.0000000000,0.0000000000,0.0000000000,0.0000000000,0.0000000000,0.0000000000,0.0981990273,0.0981990273,0.0985393158,0.0965684240,0.0000000000,0.0000000000,0.0000000000,0.0000000000,0.0000000000,0.0000000000,0.0000000000,0.0000000000,0.0000000000,0.0000000000,0.0000000000,0.0000000000,0.0000000000,0.0000000000,0.0000000000,0.0000000000,0.0000000000,0.0000000000,0.0000000000,0.0000000000,0.0000000000,0.0000000000,0.0000000000,0.0000000000,0.0000000000,0.0000000000,0.0000000000,0.0000000000,0.0000000000,0.0000000000,0.0000000000,0.0000000000,0.0000000000,0.0000000000,0.0000000000,0.0000000000,,,,,,,,,,,,,,,,,,,,,,,,,,,,,,,,,,,,,,,,,
370gM30D11_{D},0.3644556240,0.3146637976,0.3146637976,0.3146637976,0.3146637976,0.3146637976,0.3146637976,0.3146637976,0.0101269285,0.0152731046,0.0152683619,0.0000000000,0.0000000000,0.0000000000,0.0000000000,0.0000000000,0.0000000000,0.0000000000,0.0000000000,0.0000000000,0.0000000000,0.0000000000,0.0000000000,0.1029242903,0.1029242903,0.1029242903,0.1029242903,0.0000000000,0.0000000000,0.0000000000,0.0000000000,0.0000000000,0.0000000000,0.0000000000,0.0000000000,0.0000000000,0.0000000000,0.0000000000,0.0000000000,0.0000000000,0.0000000000,0.0000000000,0.0000000000,0.0000000000,0.0000000000,0.0000000000,0.0000000000,0.0000000000,0.0000000000,0.0000000000,0.0000000000,0.0000000000,0.0000000000,0.0000000000,0.0000000000,0.0000000000,0.0000000000,0.0000000000,0.0000000000,0.0000000000,0.0000000000,0.0000000000,0.0000000000,0.0000000000,,,,,,,,,,,,,,,,,,,,,,,,,,,,,,,,,,,,,,,,
371gR29D13_{D},0.3328128054,0.3005286533,0.3005286533,0.3005286533,0.3005286533,0.3005286533,0.3005286533,0.3005286533,0.0122255479,0.0171629294,0.0172007134,0.0000000000,0.0000000000,0.0000000000,0.0000000000,0.0000000000,0.0000000000,0.0000000000,0.0000000000,0.0000000000,0.0000000000,0.0000000000,0.0000000000,0.1044857555,0.1044857555,0.1044857555,0.1044857555,0.0000000000,0.0000000000,0.0000000000,0.0000000000,0.0000000000,0.0000000000,0.0000000000,0.0000000000,0.0000000000,0.0000000000,0.0000000000,0.0000000000,0.0000000000,0.0000000000,0.0000000000,0.0000000000,0.0000000000,0.0000000000,0.0000000000,0.0000000000,0.0000000000,0.0000000000,0.0000000000,0.0000000000,0.0000000000,0.0000000000,0.0000000000,0.0000000000,0.0000000000,0.0000000000,0.0000000000,0.0000000000,0.0000000000,0.0000000000,0.0000000000,0.0000000000,0.0000000000,0.0000000000,,,,,,,,,,,,,,,,,,,,,,,,,,,,,,,,,,,,,,,
372cR30D12_{D},0.3336306039,0.2981201958,0.2981201958,0.2981201958,0.2981201958,0.2981201958,0.2998992030,0.2981201958,0.0097090429,0.0129896776,0.0129877432,0.0000000000,0.0000000000,0.0000000000,0.0000000000,0.0000000000,0.0000000000,0.0000000000,0.0000000000,0.0000000000,0.0000000000,0.0000000000,0.0000000000,0.0981990273,0.0981990273,0.0985393158,0.0965684240,0.0000000000,0.0000000000,0.0000000000,0.0000000000,0.0000000000,0.0000000000,0.0000000000,0.0000000000,0.0000000000,0.0000000000,0.0000000000,0.0000000000,0.0000000000,0.0000000000,0.0000000000,0.0000000000,0.0000000000,0.0000000000,0.0000000000,0.0000000000,0.0000000000,0.0000000000,0.0000000000,0.0000000000,0.0000000000,0.0000000000,0.0000000000,0.0000000000,0.0000000000,0.0000000000,0.0000000000,0.0000000000,0.0000000000,0.0000000000,0.0000000000,0.0000000000,0.0000000000,0.0000000000,0.0000000000,,,,,,,,,,,,,,,,,,,,,,,,,,,,,,,,,,,,,,
374gM30D11_{D},0.3336306039,0.2981201958,0.2981201958,0.2981201958,0.2981201958,0.2981201958,0.2998992030,0.2981201958,0.0097090429,0.0129896776,0.0129877432,0.0000000000,0.0000000000,0.0000000000,0.0000000000,0.0000000000,0.0000000000,0.0000000000,0.0000000000,0.0000000000,0.0000000000,0.0000000000,0.0000000000,0.0981990273,0.0981990273,0.0985393158,0.0965684240,0.0000000000,0.0000000000,0.0000000000,0.0000000000,0.0000000000,0.0000000000,0.0000000000,0.0000000000,0.0000000000,0.0000000000,0.0000000000,0.0000000000,0.0000000000,0.0000000000,0.0000000000,0.0000000000,0.0000000000,0.0000000000,0.0000000000,0.0000000000,0.0000000000,0.0000000000,0.0000000000,0.0000000000,0.0000000000,0.0000000000,0.0000000000,0.0000000000,0.0000000000,0.0000000000,0.0000000000,0.0000000000,0.0000000000,0.0000000000,0.0000000000,0.0000000000,0.0000000000,0.0000000000,0.0000000000,0.0000000000,,,,,,,,,,,,,,,,,,,,,,,,,,,,,,,,,,,,,
376gM29D13_{D},0.3231308494,0.3063961862,0.3063961862,0.3063961862,0.3063961862,0.3063961862,0.3082892079,0.3063961862,0.0049689728,0.0083002512,0.0083078834,0.0066356410,0.0066356410,0.0066356410,0.0066356410,0.0066356410,0.0066356410,0.0066356410,0.0066356410,0.0066356410,0.0066356410,0.0066356410,0.0066356410,0.0993129763,0.0993129763,0.0996672634,0.0976314604,0.0066356410,0.0074793692,0.0066356410,0.0066911417,0.0067248900,0.0069347521,0.0066911417,0.0066911417,0.0066688304,0.0066911417,0.0069227501,0.0066688304,0.0066466674,0.0068751545,0.0067362152,0.0066911417,0.0067136028,0.0068633577,0.0066577304,0.0079553871,0.0083541575,0.0074793692,0.0066911417,0.0066577304,0.0066356410,0.0071199101,0.0066356410,0.0066577304,0.0070199460,0.0066577304,0.0066356410,0.0067475786,0.0066356410,0.0066356410,0.0066356410,0.0066356410,0.0066356410,0.0105875814,0.0097370503,0.0066356410,0.0066356410,,,,,,,,,,,,,,,,,,,,,,,,,,,,,,,,,,,,
377oL06D14_{A},0.3619644851,0.0016051378,0.0016051378,0.0016051378,0.0016051378,0.0016051378,0.0016129046,0.0016051378,0.3006077631,0.2960995207,0.2931818840,0.3006077631,0.3006077631,0.3006077631,0.3006077631,0.3006077631,0.3006077631,0.3006077631,0.3006077631,0.3006077631,0.3006077631,0.3006077631,0.3006077631,0.2978573470,0.2978573470,0.2990384805,0.2960995207,0.3117319341,0.3301743123,0.3117319341,0.3098620813,0.3093185659,0.3091611369,0.3098620813,0.3098620813,0.3085838952,0.3098620813,0.3151767709,0.3085838952,0.3099205502,0.3151996864,0.3036722463,0.3098620813,0.3086761402,0.3157300303,0.3117319341,0.3403693219,0.3269197874,0.3434433826,0.3036161270,0.3018038162,0.3073078899,0.3210695701,0.3006077631,0.3018038162,0.3112118221,0.3018038162,0.3006077631,0.3017410035,0.3006077631,0.3006077631,0.3006077631,0.3006077631,0.3006077631,0.3186960776,0.3043309530,0.3006077631,0.3006077631,0.3089801713,,,,,,,,,,,,,,,,,,,,,,,,,,,,,,,,,,,
378oL04D14_{A},0.3661457999,0.0016474479,0.0016474479,0.0016474479,0.0016474479,0.0016474479,0.0016474479,0.0016474479,0.3054348099,0.3007823746,0.2977620251,0.3054348099,0.3054348099,0.3054348099,0.3054348099,0.3054348099,0.3054348099,0.3054348099,0.3054348099,0.3054348099,0.3054348099,0.3054348099,0.3054348099,0.3025896807,0.3025896807,0.3025896807,0.3025896807,0.3170890713,0.3301743123,0.3170890713,0.3151996864,0.3146658110,0.3091611369,0.3151996864,0.3151996864,0.3138589036,0.3151996864,0.3151767709,0.3138589036,0.3152250902,0.3151996864,0.3054348099,0.3151996864,0.3139917358,0.3157300303,0.3157496852,0.3403693219,0.3269197874,0.3434433826,0.3054348099,0.3054348099,0.3124510116,0.3210695701,0.3054348099,0.3054348099,0.3112118221,0.3054348099,0.3054348099,0.3054348099,0.3054348099,0.3054348099,0.3054348099,0.3054348099,0.3054348099,0.3186960776,0.3043309530,0.3054348099,0.3054348099,0.3142390150,0.0000000000,,,,,,,,,,,,,,,,,,,,,,,,,,,,,,,,,,
379oL05D14_{A},0.3510552078,0.0049669283,0.0016501665,0.0016501665,0.0016501665,0.0016501665,0.0016583763,0.0016501665,0.3110920182,0.3109384184,0.3033399250,0.3059106247,0.3059106247,0.3059106247,0.3059106247,0.3059106247,0.3059106247,0.3059106247,0.3059106247,0.3059106247,0.3059106247,0.3059106247,0.3059106247,0.3082094915,0.3082094915,0.3094756363,0.3063961862,0.3065370822,0.3373457460,0.3065370822,0.3046401018,0.3040691738,0.3150202454,0.3046401018,0.3046401018,0.3033890433,0.3046401018,0.3097419348,0.3033890433,0.3047256982,0.3097942283,0.3091611369,0.3046401018,0.3034404903,0.3110116751,0.3071661510,0.3339176194,0.3201856789,0.3373457460,0.3090691923,0.3071661510,0.3059106247,0.3154197924,0.3059106247,0.3071661510,0.3172162745,0.3071661510,0.3059106247,0.3071739177,0.3059106247,0.3059106247,0.3059106247,0.3059106247,0.3059106247,0.3281228722,0.2967550505,0.3059106247,0.3059106247,0.3089801713,0.0033057972,0.0033955988,,,,,,,,,,,,,,,,,,,,,,,,,,,,,,,,,
380oL06D11_{A},0.3619644851,0.0000000000,0.0032154452,0.0032154452,0.0032154452,0.0032154452,0.0032310290,0.0032154452,0.2981201958,0.2936364615,0.2907308987,0.2981201958,0.2981201958,0.2981201958,0.2981201958,0.2981201958,0.2981201958,0.2981201958,0.2981201958,0.2981201958,0.2981201958,0.2981201958,0.2981201958,0.2978573470,0.2978573470,0.2990384805,0.2960995207,0.3091277616,0.3272673274,0.3091277616,0.3072442743,0.3066869808,0.3065364590,0.3072442743,0.3072442743,0.3059797226,0.3072442743,0.3124519685,0.3059797226,0.3073163776,0.3124896526,0.3011341698,0.3072442743,0.3060514623,0.3130346060,0.3091277616,0.3371330646,0.3235413962,0.3403852691,0.3010972299,0.2993038109,0.3047503395,0.3182367013,0.2981201958,0.2993038109,0.3085451491,0.2993038109,0.2981201958,0.2992093525,0.2981201958,0.2981201958,0.2981201958,0.2981201958,0.2981201958,0.3146637976,0.3005286533,0.2981201958,0.2981201958,0.3063961862,0.0016051378,0.0016474479,0.0049669283,,,,,,,,,,,,,,,,,,,,,,,,,,,,,,,,
381oL04D14_{A},0.3593119590,0.0032154452,0.0000000000,0.0000000000,0.0000000000,0.0000000000,0.0000000000,0.0000000000,0.2981201958,0.2985747732,0.2907308987,0.2981201958,0.2981201958,0.2981201958,0.2981201958,0.2981201958,0.2981201958,0.2981201958,0.2981201958,0.2981201958,0.2981201958,0.2981201958,0.2981201958,0.3003325996,0.3003325996,0.3015260478,0.2985747732,0.3091277616,0.3272673274,0.3091277616,0.3072442743,0.3066869808,0.3065364590,0.3072442743,0.3072442743,0.3059797226,0.3072442743,0.3124519685,0.3059797226,0.3073163776,0.3124896526,0.3011341698,0.3072442743,0.3060514623,0.3130346060,0.3091277616,0.3371330646,0.3235413962,0.3403852691,0.3010972299,0.2993038109,0.3047503395,0.3182367013,0.2981201958,0.2993038109,0.3085451491,0.2993038109,0.2981201958,0.2992093525,0.2981201958,0.2981201958,0.2981201958,0.2981201958,0.2981201958,0.3146637976,0.3005286533,0.2981201958,0.2981201958,0.3063961862,0.0016051378,0.0016474479,0.0016501665,0.0032154452,,,,,,,,,,,,,,,,,,,,,,,,,,,,,,,
383oL05D11_{A},0.3556198381,0.0033003420,0.0000000000,0.0000000000,0.0000000000,0.0000000000,0.0000000000,0.0000000000,0.3078640874,0.3077179308,0.3001716279,0.3078640874,0.3078640874,0.3078640874,0.3078640874,0.3078640874,0.3078640874,0.3078640874,0.3078640874,0.3078640874,0.3078640874,0.3078640874,0.3078640874,0.3101576814,0.3101576814,0.3114319253,0.3083477390,0.3091277616,0.3395840299,0.3091277616,0.3072442743,0.3066869808,0.3170696756,0.3072442743,0.3072442743,0.3059797226,0.3072442743,0.3124519685,0.3059797226,0.3073163776,0.3124896526,0.3111510735,0.3072442743,0.3060514623,0.3130346060,0.3091277616,0.3371330646,0.3235413962,0.3403852691,0.3110431612,0.3091277616,0.3078640874,0.3182367013,0.3078640874,0.3091277616,0.3192967259,0.3091277616,0.3078640874,0.3091611369,0.3078640874,0.3078640874,0.3078640874,0.3078640874,0.3078640874,0.3313142407,0.3005286533,0.3078640874,0.3078640874,0.3063961862,0.0016474479,0.0016920490,0.0016501665,0.0033003420,0.0000000000,,,,,,,,,,,,,,,,,,,,,,,,,,,,,,
384oL06D13_{A},0.3566734304,0.0048309555,0.0016051378,0.0016051378,0.0016051378,0.0016051378,0.0016129046,0.0016051378,0.3006077631,0.3010623406,0.2931818840,0.2956449432,0.2956449432,0.2956449432,0.2956449432,0.2956449432,0.2956449432,0.2956449432,0.2956449432,0.2956449432,0.2956449432,0.2956449432,0.2956449432,0.2978573470,0.2978573470,0.2990384805,0.2960995207,0.3065370822,0.3243771459,0.3065370822,0.3046401018,0.3040691738,0.3039254870,0.3046401018,0.3046401018,0.3033890433,0.3046401018,0.3097419348,0.3033890433,0.3047256982,0.3097942283,0.2986089119,0.3046401018,0.3034404903,0.3103536344,0.3065370822,0.3339176194,0.3201856789,0.3373457460,0.2985909590,0.2968162436,0.3022058048,0.3154197924,0.2956449432,0.2968162436,0.3058926230,0.2968162436,0.2956449432,0.2966904555,0.2956449432,0.2956449432,0.2956449432,0.2956449432,0.2956449432,0.3106637763,0.2967550505,0.2956449432,0.2956449432,0.3089801713,0.0032154452,0.0033003420,0.0000000000,0.0048309555,0.0016051378,0.0016474479,,,,,,,,,,,,,,,,,,,,,,,,,,,,,
385oL02D14_{A},0.3631968038,0.0016949169,0.0016949169,0.0016949169,0.0016949169,0.0016949169,0.0016949169,0.0016949169,0.3137297585,0.3082567068,0.3057508658,0.3137297585,0.3137297585,0.3137297585,0.3137297585,0.3137297585,0.3137297585,0.3137297585,0.3137297585,0.3137297585,0.3137297585,0.3137297585,0.3137297585,0.3134312701,0.3134312701,0.3134312701,0.3134312701,0.3164025629,0.3410233398,0.3164025629,0.3145005967,0.3139585513,0.3184377554,0.3145005967,0.3145005967,0.3131570570,0.3145005967,0.3151767709,0.3131570570,0.3145278423,0.3151996864,0.3137297585,0.3145005967,0.3132830959,0.3157300303,0.3150603980,0.3403693219,0.3269197874,0.3434433826,0.3137297585,0.3137297585,0.3137297585,0.3210695701,0.3137297585,0.3137297585,0.3206813805,0.3137297585,0.3137297585,0.3137297585,0.3137297585,0.3137297585,0.3137297585,0.3137297585,0.3137297585,0.3334088974,0.3043309530,0.3137297585,0.3137297585,0.3135501323,0.0000000000,0.0000000000,0.0034129825,0.0016949169,0.0016949169,0.0017006819,0.0033955988,,,,,,,,,,,,,,,,,,,,,,,,,,,,
386oL05D15_{A},0.3491928215,0.0049751654,0.0016528941,0.0016528941,0.0016528941,0.0016528941,0.0016611311,0.0016528941,0.3117319341,0.3115775797,0.3039597569,0.3065370822,0.3065370822,0.3065370822,0.3065370822,0.3065370822,0.3065370822,0.3065370822,0.3065370822,0.3065370822,0.3065370822,0.3065370822,0.3065370822,0.3062639207,0.3062639207,0.3075219998,0.3044472397,0.3065370822,0.3381415812,0.3065370822,0.3046401018,0.3040691738,0.3156985736,0.3046401018,0.3046401018,0.3033890433,0.3046401018,0.3097419348,0.3033890433,0.3047256982,0.3097942283,0.3098055028,0.3046401018,0.3034404903,0.3116725569,0.3077978478,0.3339176194,0.3201856789,0.3381415812,0.3097088741,0.3077978478,0.3065370822,0.3154197924,0.3065370822,0.3077978478,0.3179089755,0.3077978478,0.3065370822,0.3078140750,0.3065370822,0.3065370822,0.3065370822,0.3065370822,0.3065370822,0.3292123558,0.2967550505,0.3065370822,0.3065370822,0.3089801713,0.0033112704,0.0034013737,0.0000000000,0.0049751654,0.0016528941,0.0016528941,0.0000000000,0.0034188167,,,,,,,,,,,,,,,,,,,,,,,,,,,
387oL06D14_{A},0.3473299554,0.0049834300,0.0016556307,0.0016556307,0.0016556307,0.0016556307,0.0016638950,0.0016556307,0.3099205502,0.3097635595,0.3021483729,0.3047256982,0.3047256982,0.3047256982,0.3047256982,0.3047256982,0.3047256982,0.3047256982,0.3047256982,0.3047256982,0.3047256982,0.3047256982,0.3047256982,0.3044472397,0.3044472397,0.3056985285,0.3026298431,0.3047256982,0.3360750906,0.3047256982,0.3046401018,0.3040691738,0.3137982932,0.3046401018,0.3046401018,0.3033890433,0.3046401018,0.3097419348,0.3033890433,0.3047256982,0.3097942283,0.3079660956,0.3046401018,0.3034404903,0.3097942283,0.3059797226,0.3317206722,0.3201856789,0.3360750906,0.3078805400,0.3059797226,0.3047256982,0.3154197924,0.3047256982,0.3059797226,0.3159854342,0.3059797226,0.3047256982,0.3059711981,0.3047256982,0.3047256982,0.3047256982,0.3047256982,0.3047256982,0.3263271862,0.2967550505,0.3047256982,0.3047256982,0.3071661510,0.0033167617,0.0034071682,0.0000000000,0.0049834300,0.0016556307,0.0016556307,0.0000000000,0.0034246709,0.0000000000,,,,,,,,,,,,,,,,,,,,,,,,,,
388oR04D14_{A},0.3564753150,0.0049669283,0.0016501665,0.0016501665,0.0016501665,0.0016501665,0.0016583763,0.0016501665,0.3059106247,0.3057704137,0.2982378399,0.3059106247,0.3059106247,0.3059106247,0.3059106247,0.3059106247,0.3059106247,0.3059106247,0.3059106247,0.3059106247,0.3059106247,0.3059106247,0.3059106247,0.3082094915,0.3082094915,0.3094756363,0.3063961862,0.3065370822,0.3373457460,0.3065370822,0.3046401018,0.3040691738,0.3150202454,0.3046401018,0.3046401018,0.3033890433,0.3046401018,0.3097419348,0.3033890433,0.3047256982,0.3097942283,0.3091611369,0.3046401018,0.3034404903,0.3110116751,0.3071661510,0.3339176194,0.3201856789,0.3373457460,0.3090691923,0.3071661510,0.3059106247,0.3154197924,0.3059106247,0.3071661510,0.3172162745,0.3071661510,0.3059106247,0.3071739177,0.3059106247,0.3059106247,0.3059106247,0.3059106247,0.3059106247,0.3281228722,0.2967550505,0.3059106247,0.3059106247,0.3038254865,0.0033057972,0.0033955988,0.0033057972,0.0049669283,0.0016501665,0.0016501665,0.0033057972,0.0034129825,0.0033112704,0.0033167617,,,,,,,,,,,,,,,,,,,,,,,,,
389tR17D11_{C},0.3187027493,0.2978573470,0.3003325996,0.3003325996,0.3003325996,0.3003325996,0.3021263892,0.3003325996,0.1000893887,0.0982836966,0.1038916884,0.0981990273,0.0981990273,0.0981990273,0.0981990273,0.0981990273,0.0981990273,0.0981990273,0.0981990273,0.0981990273,0.0981990273,0.0981990273,0.0981990273,0.0000000000,0.0000000000,0.0000000000,0.0000000000,0.0993998373,0.1028848698,0.0993998373,0.1002919662,0.1008349902,0.0970768792,0.1002919662,0.1002919662,0.0999331954,0.1002919662,0.0981120320,0.0999331954,0.0995769882,0.0973892620,0.0979223403,0.1002919662,0.1006533285,0.0988581608,0.1013491575,0.0954939934,0.1102790638,0.1064054659,0.0990542038,0.0985393158,0.1001003312,0.1011139450,0.0981990273,0.0985393158,0.0983169341,0.0985393158,0.0981990273,0.0980942601,0.0981990273,0.0981990273,0.0981990273,0.0981990273,0.0981990273,0.1029242903,0.1044857555,0.0981990273,0.0981990273,0.0993129763,0.2978573470,0.3025896807,0.3082094915,0.2978573470,0.3003325996,0.3101576814,0.2978573470,0.3134312701,0.3062639207,0.3044472397,0.3082094915,,,,,,,,,,,,,,,,,,,,,,,,
391gM01J12_{D},0.3239569395,0.3072442743,0.3072442743,0.3072442743,0.3072442743,0.3072442743,0.3091611369,0.3072442743,0.0100843754,0.0134709066,0.0134915437,0.0000000000,0.0000000000,0.0000000000,0.0000000000,0.0000000000,0.0000000000,0.0000000000,0.0000000000,0.0000000000,0.0000000000,0.0000000000,0.0000000000,0.1002919662,0.1002919662,0.1006533285,0.0985977707,0.0000000000,0.0000000000,0.0000000000,0.0000000000,0.0000000000,0.0000000000,0.0000000000,0.0000000000,0.0000000000,0.0000000000,0.0000000000,0.0000000000,0.0000000000,0.0000000000,0.0000000000,0.0000000000,0.0000000000,0.0000000000,0.0000000000,0.0000000000,0.0000000000,0.0000000000,0.0000000000,0.0000000000,0.0000000000,0.0000000000,0.0000000000,0.0000000000,0.0000000000,0.0000000000,0.0000000000,0.0000000000,0.0000000000,0.0000000000,0.0000000000,0.0000000000,0.0000000000,0.0000000000,0.0000000000,0.0000000000,0.0000000000,0.0066911417,0.3098620813,0.3151996864,0.3046401018,0.3072442743,0.3072442743,0.3072442743,0.3046401018,0.3145005967,0.3046401018,0.3046401018,0.3046401018,0.1002919662,,,,,,,,,,,,,,,,,,,,,,,
393gE28D11_{D},0.3312973603,0.3004970044,0.3004970044,0.3004970044,0.3004970044,0.3004970044,0.3023050136,0.3004970044,0.0097722980,0.0130532651,0.0130726401,0.0000000000,0.0000000000,0.0000000000,0.0000000000,0.0000000000,0.0000000000,0.0000000000,0.0000000000,0.0000000000,0.0000000000,0.0000000000,0.0000000000,0.0988819763,0.0988819763,0.0992270338,0.0972406589,0.0000000000,0.0000000000,0.0000000000,0.0000000000,0.0000000000,0.0000000000,0.0000000000,0.0000000000,0.0000000000,0.0000000000,0.0000000000,0.0000000000,0.0000000000,0.0000000000,0.0000000000,0.0000000000,0.0000000000,0.0000000000,0.0000000000,0.0000000000,0.0000000000,0.0000000000,0.0000000000,0.0000000000,0.0000000000,0.0000000000,0.0000000000,0.0000000000,0.0000000000,0.0000000000,0.0000000000,0.0000000000,0.0000000000,0.0000000000,0.0000000000,0.0000000000,0.0000000000,0.0000000000,0.0000000000,0.0000000000,0.0000000000,0.0066356410,0.3030095725,0.3079488113,0.3059106247,0.3004970044,0.3004970044,0.3078640874,0.2979969992,0.3137297585,0.3065370822,0.3047256982,0.3059106247,0.0988819763,0.0000000000,,,,,,,,,,,,,,,,,,,,,,
397tR18D12_{C},0.3054714659,0.3037905994,0.3063947720,0.3063947720,0.3063947720,0.3063947720,0.3083131356,0.3063947720,0.1028151908,0.1007454901,0.1067992757,0.1008349902,0.1008349902,0.1008349902,0.1008349902,0.1008349902,0.1008349902,0.1008349902,0.1008349902,0.1008349902,0.1008349902,0.1008349902,0.1008349902,0.0000000000,0.0000000000,0.0000000000,0.0000000000,0.1008349902,0.1061115944,0.1008349902,0.1008349902,0.1008349902,0.0997782499,0.1008349902,0.1008349902,0.1008349902,0.1008349902,0.0988456354,0.1008349902,0.1008349902,0.0986612056,0.1005858969,0.1008349902,0.1008349902,0.0986612056,0.1012002927,0.0971468943,0.1102790638,0.1061115944,0.1017532483,0.1012002927,0.1008349902,0.1013076906,0.1008349902,0.1012002927,0.1011139450,0.1012002927,0.1008349902,0.1007706283,0.1008349902,0.1008349902,0.1008349902,0.1008349902,0.1008349902,0.1075193781,0.1044857555,0.1008349902,0.1008349902,0.1007454901,0.3037905994,0.3089394152,0.3037905994,0.3037905994,0.3063947720,0.3063947720,0.3037905994,0.3109302325,0.3037905994,0.3037905994,0.3037905994,0.0000000000,0.1008349902,0.1008349902,,,,,,,,,,,,,,,,,,,,,
398tR19D15_{C},0.3017583679,0.3026115097,0.3052996882,0.3052996882,0.3052996882,0.3052996882,0.3052996882,0.3052996882,0.1062744808,0.1041251929,0.1104067357,0.1042210898,0.1042210898,0.1042210898,0.1042210898,0.1042210898,0.1042210898,0.1042210898,0.1042210898,0.1042210898,0.1042210898,0.1042210898,0.1042210898,0.0000000000,0.0000000000,0.0000000000,0.0000000000,0.1042210898,0.1094715667,0.1042210898,0.1042210898,0.1042210898,0.1026850353,0.1042210898,0.1042210898,0.1042210898,0.1042210898,0.1016974234,0.1042210898,0.1042210898,0.1015021820,0.1034301801,0.1042210898,0.1042210898,0.1015021820,0.1042210898,0.1004058717,0.1102790638,0.1094715667,0.1046114495,0.1042210898,0.1042210898,0.1043058483,0.1042210898,0.1042210898,0.1041004468,0.1042210898,0.1042210898,0.1036255438,0.1042210898,0.1042210898,0.1042210898,0.1042210898,0.1042210898,0.1124347644,0.1072961444,0.1042210898,0.1042210898,0.1041251929,0.3026115097,0.3058647643,0.3026115097,0.3026115097,0.3052996882,0.3052996882,0.3026115097,0.3078849534,0.3026115097,0.3026115097,0.3026115097,0.0000000000,0.1042210898,0.1042210898,0.0000000000,,,,,,,,,,,,,,,,,,,,
403sM05D14_{A},0.3449543439,0.0066911417,0.0033354244,0.0033354244,0.0033354244,0.0033354244,0.0033521959,0.0033354244,0.3070979021,0.3069603040,0.2993458088,0.3070979021,0.3070979021,0.3070979021,0.3070979021,0.3070979021,0.3070979021,0.3070979021,0.3070979021,0.3070979021,0.3070979021,0.3070979021,0.3070979021,0.3120398933,0.3120398933,0.3133382800,0.3102061382,0.3070979021,0.3421788482,0.3070979021,0.3070979021,0.3065364590,0.3191352551,0.3070979021,0.3070979021,0.3070979021,0.3070979021,0.3156985736,0.3070979021,0.3070979021,0.3150202454,0.3104020407,0.3070979021,0.3059016815,0.3150202454,0.3083716646,0.3381445978,0.3266686646,0.3421788482,0.3103025612,0.3083716646,0.3070979021,0.3208949131,0.3070979021,0.3083716646,0.3214191471,0.3083716646,0.3070979021,0.3083963746,0.3070979021,0.3070979021,0.3070979021,0.3070979021,0.3070979021,0.3347722979,0.3040655389,0.3070979021,0.3070979021,0.3043696247,0.0050104678,0.0051480371,0.0050104678,0.0066911417,0.0033354244,0.0033354244,0.0050104678,0.0034445711,0.0050104678,0.0050104678,0.0050104678,0.3120398933,0.3070979021,0.3070979021,0.3114976025,0.3105582935,,,,,,,,,,,,,,,,,,,
404sM06D11_{A},0.3494478276,0.0052196940,0.0017353593,0.0017353593,0.0017353593,0.0017353593,0.0017353593,0.0017353593,0.3151564624,0.3150042341,0.3069818934,0.3151564624,0.3151564624,0.3151564624,0.3151564624,0.3151564624,0.3151564624,0.3151564624,0.3151564624,0.3151564624,0.3151564624,0.3151564624,0.3151564624,0.3176014697,0.3176014697,0.3176014697,0.3176014697,0.3151564624,0.3417236488,0.3151564624,0.3151564624,0.3151564624,0.3186047594,0.3151564624,0.3151564624,0.3151564624,0.3151564624,0.3151564624,0.3151564624,0.3151564624,0.3151564624,0.3151564624,0.3151564624,0.3151564624,0.3151564624,0.3151564624,0.3376337551,0.3266686646,0.3417236488,0.3151564624,0.3151564624,0.3151564624,0.3216089640,0.3151564624,0.3151564624,0.3208949131,0.3151564624,0.3151564624,0.3151564624,0.3151564624,0.3151564624,0.3151564624,0.3151564624,0.3151564624,0.3341041505,0.3040655389,0.3151564624,0.3151564624,0.3122719868,0.0034744915,0.0034744915,0.0034744915,0.0052196940,0.0017353593,0.0017353593,0.0034744915,0.0034744915,0.0034744915,0.0034744915,0.0034744915,0.3176014697,0.3151564624,0.3151564624,0.3176014697,0.3147013559,0.0000000000,,,,,,,,,,,,,,,,,,
405sM04D14_{A},0.3509655960,0.0066246512,0.0033023798,0.0033023798,0.0033023798,0.0033023798,0.0033188199,0.0033023798,0.3083477390,0.3082094915,0.3006552796,0.3083477390,0.3083477390,0.3083477390,0.3083477390,0.3083477390,0.3083477390,0.3083477390,0.3083477390,0.3083477390,0.3083477390,0.3083477390,0.3083477390,0.3158520762,0.3158520762,0.3171574262,0.3140360979,0.3089801713,0.3432560771,0.3089801713,0.3070979021,0.3065364590,0.3203378302,0.3070979021,0.3070979021,0.3058347808,0.3070979021,0.3150202454,0.3058347808,0.3071661510,0.3150390080,0.3116441640,0.3070979021,0.3059016815,0.3162455566,0.3096152444,0.3401812436,0.3266686646,0.3432560771,0.3115364775,0.3096152444,0.3083477390,0.3208949131,0.3083477390,0.3096152444,0.3226172641,0.3096152444,0.3083477390,0.3096562054,0.3083477390,0.3083477390,0.3083477390,0.3083477390,0.3083477390,0.3364060846,0.3040655389,0.3083477390,0.3083477390,0.3062639207,0.0049607561,0.0050955724,0.0049607561,0.0066246512,0.0033023798,0.0033023798,0.0049607561,0.0034093399,0.0049689728,0.0049772167,0.0049607561,0.3158520762,0.3070979021,0.3083477390,0.3114976025,0.3105582935,0.0000000000,0.0000000000,,,,,,,,,,,,,,,,,
406sM05D11_{A},0.3518955308,0.0083196595,0.0083196595,0.0083196595,0.0083196595,0.0083196595,0.0083613989,0.0083196595,0.3117319341,0.3063961862,0.3039597569,0.3117319341,0.3117319341,0.3117319341,0.3117319341,0.3117319341,0.3117319341,0.3117319341,0.3117319341,0.3117319341,0.3117319341,0.3117319341,0.3117319341,0.3088412460,0.3088412460,0.3101126791,0.3070245650,0.3117319341,0.3411903711,0.3117319341,0.3098620813,0.3093185659,0.3184383065,0.3098620813,0.3098620813,0.3085838952,0.3098620813,0.3124519685,0.3085838952,0.3099205502,0.3124896526,0.3124510116,0.3098620813,0.3086761402,0.3143679812,0.3130198274,0.3371330646,0.3235413962,0.3411903711,0.3123335520,0.3130198274,0.3117319341,0.3182367013,0.3117319341,0.3130198274,0.3206944980,0.3130198274,0.3117319341,0.3104526036,0.3117319341,0.3117319341,0.3117319341,0.3117319341,0.3117319341,0.3335227273,0.3005286533,0.3117319341,0.3117319341,0.3089801713,0.0066446161,0.0051107770,0.0100003334,0.0083196595,0.0083196595,0.0083196595,0.0100003334,0.0051370315,0.0100003334,0.0100170295,0.0100003334,0.3088412460,0.3098620813,0.3117319341,0.3063947720,0.3052996882,0.0117673274,0.0087284803,0.0116692406,,,,,,,,,,,,,,,,
407sM06D13_{A},0.3446417769,0.0100170295,0.0066556723,0.0066556723,0.0066556723,0.0066556723,0.0066890630,0.0066556723,0.3125383572,0.3123745314,0.3047256982,0.3125383572,0.3125383572,0.3125383572,0.3125383572,0.3125383572,0.3125383572,0.3125383572,0.3125383572,0.3125383572,0.3125383572,0.3125383572,0.3125383572,0.3122194169,0.3122194169,0.3135111875,0.3104020203,0.3125383572,0.3421913748,0.3125383572,0.3124936664,0.3119640747,0.3192928540,0.3124936664,0.3124936664,0.3112017022,0.3124936664,0.3151767709,0.3112017022,0.3125383572,0.3151996864,0.3132711851,0.3124936664,0.3113146688,0.3151996864,0.3138332872,0.3381723746,0.3269197874,0.3421913748,0.3131437465,0.3138332872,0.3125383572,0.3210695701,0.3125383572,0.3138332872,0.3215720845,0.3138332872,0.3125383572,0.3112622527,0.3125383572,0.3125383572,0.3125383572,0.3125383572,0.3125383572,0.3349854112,0.3043309530,0.3125383572,0.3125383572,0.3097635595,0.0083335262,0.0068377134,0.0083335262,0.0100170295,0.0066556723,0.0066556723,0.0083335262,0.0068729605,0.0083335262,0.0083335262,0.0083335262,0.3122194169,0.3124936664,0.3125383572,0.3116441640,0.3107197955,0.0100695329,0.0069710093,0.0100023847,0.0117062203,,,,,,,,,,,,,,,
408sM02D14_{A},0.3600861937,0.0087875724,0.0052539888,0.0052539888,0.0052539888,0.0052539888,0.0052539888,0.0052539888,0.3227873627,0.3226172641,0.3144538365,0.3227873627,0.3227873627,0.3227873627,0.3227873627,0.3227873627,0.3227873627,0.3227873627,0.3227873627,0.3227873627,0.3227873627,0.3227873627,0.3227873627,0.3252504369,0.3252504369,0.3252504369,0.3252504369,0.3227873627,0.3442578654,0.3227873627,0.3208796641,0.3203578107,0.3227873627,0.3208796641,0.3208796641,0.3194707200,0.3208796641,0.3201736153,0.3194707200,0.3208676076,0.3208676076,0.3227873627,0.3208796641,0.3196492545,0.3227873627,0.3227873627,0.3403693219,0.3269197874,0.3442578654,0.3227873627,0.3227873627,0.3227873627,0.3210695701,0.3227873627,0.3227873627,0.3234956257,0.3227873627,0.3227873627,0.3227873627,0.3227873627,0.3227873627,0.3227873627,0.3227873627,0.3227873627,0.3378705808,0.3043309530,0.3227873627,0.3227873627,0.3198317416,0.0070176591,0.0070176591,0.0070176591,0.0087875724,0.0052539888,0.0052539888,0.0070176591,0.0070176591,0.0070176591,0.0070299928,0.0070176591,0.3252504369,0.3208796641,0.3227873627,0.3228453934,0.3200278752,0.0070695747,0.0071072592,0.0070076475,0.0123463063,0.0000000000,,,,,,,,,,,,,,
409cM05D15_{A},0.3540487525,0.0097090429,0.0064517024,0.0064517024,0.0064517024,0.0064517024,0.0064830730,0.0064517024,0.3031077683,0.3035623458,0.2956449432,0.3031077683,0.3031077683,0.3031077683,0.3031077683,0.3031077683,0.3031077683,0.3031077683,0.3031077683,0.3031077683,0.3031077683,0.3031077683,0.3031077683,0.3053201721,0.3053201721,0.3065386211,0.3035623458,0.3143497412,0.3301743123,0.3143497412,0.3124936664,0.3119640747,0.3091611369,0.3124936664,0.3124936664,0.3112017022,0.3124936664,0.3151767709,0.3112017022,0.3125383572,0.3151996864,0.3036722463,0.3124936664,0.3113146688,0.3157300303,0.3143497412,0.3403693219,0.3269197874,0.3434433826,0.3036161270,0.3043163843,0.3098785896,0.3210695701,0.3031077683,0.3043163843,0.3112118221,0.3043163843,0.3031077683,0.3017410035,0.3031077683,0.3031077683,0.3031077683,0.3031077683,0.3031077683,0.3186960776,0.3043309530,0.3031077683,0.3031077683,0.3115775797,0.0080777201,0.0066226134,0.0083058388,0.0097090429,0.0064517024,0.0066226134,0.0080777201,0.0068144155,0.0083196595,0.0083335262,0.0083058388,0.3053201721,0.3124936664,0.3055348304,0.3116441640,0.3107197955,0.0100695329,0.0069710093,0.0099691453,0.0116866756,0.0000000000,0.0000000000,,,,,,,,,,,,,
410gM31D14_{D},0.3312990494,0.2970972607,0.2970972607,0.2970972607,0.2970972607,0.2970972607,0.2970972607,0.2970972607,0.0116555394,0.0163605867,0.0163949114,0.0000000000,0.0000000000,0.0000000000,0.0000000000,0.0000000000,0.0000000000,0.0000000000,0.0000000000,0.0000000000,0.0000000000,0.0000000000,0.0000000000,0.0967026416,0.0967026416,0.0967026416,0.0967026416,0.0000000000,0.0000000000,0.0000000000,0.0000000000,0.0000000000,0.0000000000,0.0000000000,0.0000000000,0.0000000000,0.0000000000,0.0000000000,0.0000000000,0.0000000000,0.0000000000,0.0000000000,0.0000000000,0.0000000000,0.0000000000,0.0000000000,0.0000000000,0.0000000000,0.0000000000,0.0000000000,0.0000000000,0.0000000000,0.0000000000,0.0000000000,0.0000000000,0.0000000000,0.0000000000,0.0000000000,0.0000000000,0.0000000000,0.0000000000,0.0000000000,0.0000000000,0.0000000000,0.0000000000,0.0000000000,0.0000000000,0.0000000000,0.0092849969,0.3006943985,0.3006943985,0.2935258170,0.2970972607,0.2970972607,0.2970972607,0.2935258170,0.3006943985,0.2935258170,0.2935258170,0.2935258170,0.0967026416,0.0000000000,0.0000000000,0.0979195053,0.1017615557,0.3021832049,0.3013854763,0.3004599980,0.3006943985,0.3006943985,0.3006943985,0.3006943985,,,,,,,,,,,,
501oL06D14_{A},0.3912877701,0.0017953341,0.0017953341,0.0017953341,0.0017953341,0.0017953341,0.0017953341,0.0017953341,0.3286815533,0.3234931329,0.3200606501,0.3286815533,0.3286815533,0.3286815533,0.3286815533,0.3286815533,0.3286815533,0.3286815533,0.3286815533,0.3286815533,0.3286815533,0.3286815533,0.3286815533,0.3254819258,0.3254819258,0.3254819258,0.3254819258,0.3426328199,0.3301743123,0.3426328199,0.3407369534,0.3402807040,0.3286815533,0.3407369534,0.3407369534,0.3391238805,0.3407369534,0.3399284666,0.3391238805,0.3405750862,0.3405750862,0.3286815533,0.3407369534,0.3394687946,0.3410233398,0.3410233398,0.3403693219,0.3277793739,0.3434433826,0.3286815533,0.3286815533,0.3370662615,0.3394687946,0.3286815533,0.3286815533,0.3286815533,0.3286815533,0.3286815533,0.3286815533,0.3286815533,0.3286815533,0.3286815533,0.3286815533,0.3286815533,0.3186960776,0.3043309530,0.3286815533,0.3286815533,0.3394070639,0.0000000000,0.0000000000,0.0037105922,0.0017953341,0.0017953341,0.0018484309,0.0035971378,0.0000000000,0.0037174892,0.0037244120,0.0037105922,0.3254819258,0.3407369534,0.3316809415,0.3337954083,0.3310410609,0.0037479595,0.0037691494,0.0037062863,0.0055866503,0.0074767748,0.0074628251,0.0072203421,0.3006943985,,,,,,,,,,,
551tL29D12_{A},0.3619644851,0.0016051378,0.0016051378,0.0016051378,0.0016051378,0.0016051378,0.0016129046,0.0016051378,0.3006077631,0.2960995207,0.2931818840,0.3006077631,0.3006077631,0.3006077631,0.3006077631,0.3006077631,0.3006077631,0.3006077631,0.3006077631,0.3006077631,0.3006077631,0.3006077631,0.3006077631,0.2978573470,0.2978573470,0.2990384805,0.2960995207,0.3117319341,0.3301743123,0.3117319341,0.3098620813,0.3093185659,0.3091611369,0.3098620813,0.3098620813,0.3085838952,0.3098620813,0.3151767709,0.3085838952,0.3099205502,0.3151996864,0.3036722463,0.3098620813,0.3086761402,0.3157300303,0.3117319341,0.3403693219,0.3269197874,0.3434433826,0.3036161270,0.3018038162,0.3073078899,0.3210695701,0.3006077631,0.3018038162,0.3112118221,0.3018038162,0.3006077631,0.3017410035,0.3006077631,0.3006077631,0.3006077631,0.3006077631,0.3006077631,0.3186960776,0.3043309530,0.3006077631,0.3006077631,0.3089801713,0.0000000000,0.0000000000,0.0033057972,0.0016051378,0.0016051378,0.0016474479,0.0032154452,0.0000000000,0.0033112704,0.0033167617,0.0033057972,0.2978573470,0.3098620813,0.3030095725,0.3037905994,0.3026115097,0.0050104678,0.0034744915,0.0049607561,0.0066446161,0.0083335262,0.0070176591,0.0080777201,0.3006943985,0.0000000000,,,,,,,,,,
552aB18D14_{B},0.3298907770,0.2895471828,0.2895471828,0.2895471828,0.2895471828,0.2895471828,0.2912685861,0.2895471828,0.1067449605,0.1046868142,0.1028764693,0.1028764693,0.1028764693,0.1028764693,0.1028764693,0.1028764693,0.1028764693,0.1028764693,0.1028764693,0.1028764693,0.1028764693,0.1028764693,0.1028764693,0.0824736085,0.0824736085,0.0827585466,0.0826158314,0.0999090661,0.1082577487,0.0999090661,0.1008107645,0.1013596602,0.1019763970,0.1008107645,0.1008107645,0.1004481337,0.1008107645,0.0986633363,0.1004481337,0.1000881095,0.0979321589,0.1007328176,0.1008107645,0.1011760302,0.0994151614,0.1018775726,0.0959892687,0.1011831822,0.1070582409,0.1018421802,0.1032375371,0.1045215425,0.1017009128,0.1028764693,0.1032375371,0.1032970352,0.1032375371,0.1028764693,0.1009116537,0.1028764693,0.1028764693,0.1028764693,0.1028764693,0.1028764693,0.1103397756,0.1049909244,0.1028764693,0.1028764693,0.0997972776,0.2920041902,0.2940234254,0.2907910316,0.2895471828,0.2895471828,0.2927114771,0.2871021902,0.2980184445,0.2888729884,0.2870642167,0.2907910316,0.0824736085,0.1008107645,0.1032375371,0.0821447130,0.0808862520,0.2892936286,0.2937516991,0.2931872919,0.2913792593,0.2895704876,0.3009858302,0.2895471828,0.0999106684,0.3187941835,0.2920041902,,,,,,,,,
011aB18D11_{B},0.3323832097,0.2918779319,0.2918779319,0.2918779319,0.2918779319,0.2918779319,0.2936157936,0.2918779319,0.1085628026,0.1065018953,0.1046868142,0.1046868142,0.1046868142,0.1046868142,0.1046868142,0.1046868142,0.1046868142,0.1046868142,0.1046868142,0.1046868142,0.1046868142,0.1046868142,0.1046868142,0.0842403005,0.0842403005,0.0845315223,0.0843856597,0.0999090661,0.1103018071,0.0999090661,0.1008107645,0.1013596602,0.1038621823,0.1008107645,0.1008107645,0.1004481337,0.1008107645,0.0986633363,0.1004481337,0.1000881095,0.0979321589,0.1025645928,0.1008107645,0.1011760302,0.0994151614,0.1018775726,0.0959892687,0.1011831822,0.1070582409,0.1036653558,0.1050544888,0.1045215425,0.1017009128,0.1046868142,0.1050544888,0.1052081666,0.1050544888,0.1046868142,0.1027468048,0.1046868142,0.1046868142,0.1046868142,0.1046868142,0.1046868142,0.1131964013,0.1049909244,0.1046868142,0.1046868142,0.0997972776,0.2943409910,0.2964298073,0.2907910316,0.2918779319,0.2918779319,0.2927114771,0.2894269466,0.2980184445,0.2888729884,0.2870642167,0.2907910316,0.0842403005,0.1008107645,0.1050544888,0.0821447130,0.0808862520,0.2892936286,0.2937516991,0.2931872919,0.2913792593,0.2895704876,0.3009858302,0.2918779319,0.0999106684,0.3215035748,0.2943409910,0.0016096591,,,,,,,,
012aB20D11_{B},0.3323832097,0.2918779319,0.2918779319,0.2918779319,0.2918779319,0.2918779319,0.2936157936,0.2918779319,0.1085628026,0.1065018953,0.1046868142,0.1046868142,0.1046868142,0.1046868142,0.1046868142,0.1046868142,0.1046868142,0.1046868142,0.1046868142,0.1046868142,0.1046868142,0.1046868142,0.1046868142,0.0842403005,0.0842403005,0.0845315223,0.0843856597,0.0999090661,0.1103018071,0.0999090661,0.1008107645,0.1013596602,0.1038621823,0.1008107645,0.1008107645,0.1004481337,0.1008107645,0.0986633363,0.1004481337,0.1000881095,0.0979321589,0.1025645928,0.1008107645,0.1011760302,0.0994151614,0.1018775726,0.0959892687,0.1011831822,0.1070582409,0.1036653558,0.1050544888,0.1045215425,0.1017009128,0.1046868142,0.1050544888,0.1052081666,0.1050544888,0.1046868142,0.1027468048,0.1046868142,0.1046868142,0.1046868142,0.1046868142,0.1046868142,0.1131964013,0.1049909244,0.1046868142,0.1046868142,0.0997972776,0.2943409910,0.2964298073,0.2907910316,0.2918779319,0.2918779319,0.2927114771,0.2894269466,0.2980184445,0.2888729884,0.2870642167,0.2907910316,0.0842403005,0.1008107645,0.1050544888,0.0821447130,0.0808862520,0.2892936286,0.2937516991,0.2931872919,0.2913792593,0.2895704876,0.3009858302,0.2918779319,0.0999106684,0.3215035748,0.2943409910,0.0016096591,0.0000000000,,,,,,,
013aB18D11_{B},0.3274075675,0.2872242892,0.2872242892,0.2872242892,0.2872242892,0.2872242892,0.2889293433,0.2872242892,0.1085628026,0.1065018953,0.1046868142,0.1046868142,0.1046868142,0.1046868142,0.1046868142,0.1046868142,0.1046868142,0.1046868142,0.1046868142,0.1046868142,0.1046868142,0.1046868142,0.1046868142,0.0842403005,0.0842403005,0.0845315223,0.0843856597,0.1017619167,0.1103018071,0.1017619167,0.1026810073,0.1032404967,0.1038621823,0.1026810073,0.1026810073,0.1023113805,0.1026810073,0.1005915057,0.1023113805,0.1019444125,0.0998455115,0.1025645928,0.1026810073,0.1030533221,0.1013216567,0.1037343058,0.0981968003,0.1035147452,0.1091571395,0.1036653558,0.1050544888,0.1063620045,0.1036907277,0.1046868142,0.1050544888,0.1052081666,0.1050544888,0.1046868142,0.1027468048,0.1046868142,0.1046868142,0.1046868142,0.1046868142,0.1046868142,0.1131964013,0.1077187968,0.1046868142,0.1046868142,0.1016512334,0.2896752745,0.2916254134,0.2884031009,0.2872242892,0.2872242892,0.2903229825,0.2847852599,0.2955443426,0.2864855942,0.2846794110,0.2884031009,0.0842403005,0.1026810073,0.1050544888,0.0839823336,0.0827789442,0.2868836905,0.2912264435,0.2907910316,0.2889855994,0.2871794162,0.2984270001,0.2872242892,0.1024948012,0.3160953816,0.2896752745,0.0016096591,0.0032232162,0.0032232162,,,,,,
014aB19D13_{B},0.3274075675,0.2872242892,0.2872242892,0.2872242892,0.2872242892,0.2872242892,0.2889293433,0.2872242892,0.1085628026,0.1065018953,0.1046868142,0.1046868142,0.1046868142,0.1046868142,0.1046868142,0.1046868142,0.1046868142,0.1046868142,0.1046868142,0.1046868142,0.1046868142,0.1046868142,0.1046868142,0.0842403005,0.0842403005,0.0845315223,0.0843856597,0.1017619167,0.1103018071,0.1017619167,0.1026810073,0.1032404967,0.1038621823,0.1026810073,0.1026810073,0.1023113805,0.1026810073,0.1005915057,0.1023113805,0.1019444125,0.0998455115,0.1025645928,0.1026810073,0.1030533221,0.1013216567,0.1037343058,0.0981968003,0.1035147452,0.1091571395,0.1036653558,0.1050544888,0.1063620045,0.1036907277,0.1046868142,0.1050544888,0.1052081666,0.1050544888,0.1046868142,0.1027468048,0.1046868142,0.1046868142,0.1046868142,0.1046868142,0.1046868142,0.1131964013,0.1077187968,0.1046868142,0.1046868142,0.1016512334,0.2896752745,0.2916254134,0.2884031009,0.2872242892,0.2872242892,0.2903229825,0.2847852599,0.2955443426,0.2864855942,0.2846794110,0.2884031009,0.0842403005,0.1026810073,0.1050544888,0.0839823336,0.0827789442,0.2868836905,0.2912264435,0.2907910316,0.2889855994,0.2871794162,0.2984270001,0.2872242892,0.1024948012,0.3160953816,0.2896752745,0.0016096591,0.0032232162,0.0032232162,0.0000000000,,,,,
553aB19D15_{B},0.3594052376,0.3134746166,0.3134746166,0.3134746166,0.3134746166,0.3134746166,0.3134746166,0.3134746166,0.1129529396,0.1149483857,0.1129529396,0.1086975947,0.1086975947,0.1086975947,0.1086975947,0.1086975947,0.1086975947,0.1086975947,0.1086975947,0.1086975947,0.1086975947,0.1086975947,0.1086975947,0.0940827756,0.0940827756,0.0940827756,0.0940827756,0.1055940741,0.1062837719,0.1055940741,0.1066398103,0.1072772842,0.1086975947,0.1066398103,0.1066398103,0.1062190327,0.1066398103,0.1064290044,0.1062190327,0.1058015725,0.1058015725,0.1086975947,0.1066398103,0.1070639452,0.1073413473,0.1073413473,0.0961949854,0.0987079296,0.1050334666,0.1086975947,0.1086975947,0.1106019880,0.1070639452,0.1086975947,0.1086975947,0.1086975947,0.1086975947,0.1086975947,0.1086975947,0.1086975947,0.1086975947,0.1086975947,0.1086975947,0.1086975947,0.1106460874,0.1052680682,0.1086975947,0.1086975947,0.1054671923,0.3162294445,0.3162294445,0.3155579836,0.3134746166,0.3134746166,0.3176693001,0.3107348837,0.3219016812,0.3134498863,0.3114488073,0.3155579836,0.0940827756,0.1066398103,0.1091150855,0.0942330661,0.0926838776,0.3170027838,0.3164165894,0.3210999947,0.3190996639,0.3170985849,0.3190996639,0.3162294445,0.1001615600,0.3249575221,0.3162294445,0.0088091346,0.0105845551,0.0105845551,0.0105845551,0.0105845551,,,,
554tR16D11_{C},0.3304767617,0.3158559074,0.3158559074,0.3158559074,0.3158559074,0.3158559074,0.3158559074,0.3158559074,0.1005445530,0.0985777140,0.1046598026,0.0984995604,0.0984995604,0.0984995604,0.0984995604,0.0984995604,0.0984995604,0.0984995604,0.0984995604,0.0984995604,0.0984995604,0.0984995604,0.0984995604,0.0034572281,0.0034572281,0.0034572281,0.0034572281,0.0998034749,0.1009691516,0.0998034749,0.1007729801,0.1013638010,0.0984995604,0.1007729801,0.1007729801,0.1003829207,0.1007729801,0.1005775712,0.1003829207,0.0999958769,0.0999958769,0.0984995604,0.1007729801,0.1011660905,0.1015261554,0.1015261554,0.0934019309,0.1080568269,0.1044252575,0.0984995604,0.0984995604,0.1005605033,0.1011660905,0.0984995604,0.0984995604,0.0984995604,0.0984995604,0.0984995604,0.0984995604,0.0984995604,0.0984995604,0.0984995604,0.0984995604,0.0984995604,0.1002717455,0.1019216304,0.0984995604,0.0984995604,0.0996949145,0.3131236602,0.3131236602,0.3250090737,0.3158559074,0.3158559074,0.3271417262,0.3131236602,0.3228453934,0.3228797229,0.3209134972,0.3250090737,0.0034572281,0.1007729801,0.0992391219,0.0036199224,0.0037209442,0.3265276524,0.3260160016,0.3305758899,0.3228797229,0.3266442190,0.3286104446,0.3186031671,0.0942754380,0.3229178007,0.3131236602,0.0872094467,0.0891214712,0.0891214712,0.0891214712,0.0891214712,0.0961446342,,,
564oR04D14_{A},0.3733924132,0.0037270064,0.0037270064,0.0037270064,0.0037270064,0.0037270064,0.0037270064,0.0037270064,0.3352836435,0.3351112689,0.3262743908,0.3352836435,0.3352836435,0.3352836435,0.3352836435,0.3352836435,0.3352836435,0.3352836435,0.3352836435,0.3352836435,0.3352836435,0.3352836435,0.3352836435,0.3379718415,0.3379718415,0.3379718415,0.3379718415,0.3352836435,0.3386276637,0.3352836435,0.3352836435,0.3352836435,0.3352836435,0.3352836435,0.3352836435,0.3352836435,0.3352836435,0.3352836435,0.3352836435,0.3352836435,0.3352836435,0.3352836435,0.3352836435,0.3352836435,0.3352836435,0.3352836435,0.3343657696,0.3233016485,0.3386276637,0.3352836435,0.3352836435,0.3352836435,0.3352836435,0.3352836435,0.3352836435,0.3352836435,0.3352836435,0.3352836435,0.3352836435,0.3352836435,0.3352836435,0.3352836435,0.3352836435,0.3352836435,0.3256449681,0.3002776420,0.3352836435,0.3352836435,0.3320992116,0.0055996678,0.0055996678,0.0055996678,0.0037270064,0.0037270064,0.0037270064,0.0055996678,0.0055996678,0.0055996678,0.0055996678,0.0055996678,0.3379718415,0.3352836435,0.3352836435,0.3379718415,0.3353648279,0.0055970409,0.0055970409,0.0055970409,0.0112601056,0.0093661639,0.0093661639,0.0093661639,0.2977490966,0.0056630911,0.0055996678,0.3117244258,0.3117244258,0.3117244258,0.3089509837,0.3089509837,0.3208581712,0.3383231666,,
566oR05D14_{A},0.3593119590,0.0016051378,0.0016051378,0.0016051378,0.0016051378,0.0016051378,0.0016129046,0.0016051378,0.2956449432,0.2960995207,0.2882918695,0.2956449432,0.2956449432,0.2956449432,0.2956449432,0.2956449432,0.2956449432,0.2956449432,0.2956449432,0.2956449432,0.2956449432,0.2956449432,0.2956449432,0.3003325996,0.3003325996,0.3015260478,0.2985747732,0.3065370822,0.3243771459,0.3065370822,0.3046401018,0.3040691738,0.3039254870,0.3046401018,0.3046401018,0.3033890433,0.3046401018,0.3097419348,0.3033890433,0.3047256982,0.3097942283,0.2986089119,0.3046401018,0.3034404903,0.3103536344,0.3065370822,0.3339176194,0.3201856789,0.3373457460,0.2985909590,0.2968162436,0.3022058048,0.3154197924,0.2956449432,0.2968162436,0.3058926230,0.2968162436,0.2956449432,0.2966904555,0.2956449432,0.2956449432,0.2956449432,0.2956449432,0.2956449432,0.3106637763,0.2967550505,0.2956449432,0.2956449432,0.3038254865,0.0032154452,0.0033003420,0.0033057972,0.0016051378,0.0016051378,0.0016474479,0.0032154452,0.0033955988,0.0033112704,0.0033167617,0.0033057972,0.3003325996,0.3046401018,0.2979969992,0.3063947720,0.3052996882,0.0050104678,0.0034744915,0.0049607561,0.0100003334,0.0083335262,0.0070176591,0.0080777201,0.2935258170,0.0035971378,0.0032154452,0.2871021902,0.2894269466,0.2894269466,0.2847852599,0.2847852599,0.3107348837,0.3186031671,0.0018613326,
